cart_id,customer_id
CT00001,C00001
CT00002,C00002
CT00003,C00003
CT00004,C00004
CT00005,C00005
CT00006,C00006
CT00007,C00007
CT00008,C00008
CT00009,C00009
CT00010,C00010
CT00011,C00011
CT00012,C00012
CT00013,C00013
CT00014,C00014
CT00015,C00015
CT00016,C00016
CT00017,C00017
CT00018,C00018
CT00019,C00019
CT00020,C00020
CT00021,C00021
CT00022,C00022
CT00023,C00023
CT00024,C00024
CT00025,C00025
CT00026,C00026
CT00027,C00027
CT00028,C00028
CT00029,C00029
CT00030,C00030
CT00031,C00031
CT00032,C00032
CT00033,C00033
CT00034,C00034
CT00035,C00035
CT00036,C00036
CT00037,C00037
CT00038,C00038
CT00039,C00039
CT00040,C00040
CT00041,C00041
CT00042,C00042
CT00043,C00043
CT00044,C00044
CT00045,C00045
CT00046,C00046
CT00047,C00047
CT00048,C00048
CT00049,C00049
CT00050,C00050
CT00051,C00051
CT00052,C00052
CT00053,C00053
CT00054,C00054
CT00055,C00055
CT00056,C00056
CT00057,C00057
CT00058,C00058
CT00059,C00059
CT00060,C00060
CT00061,C00061
CT00062,C00062
CT00063,C00063
CT00064,C00064
CT00065,C00065
CT00066,C00066
CT00067,C00067
CT00068,C00068
CT00069,C00069
CT00070,C00070
CT00071,C00071
CT00072,C00072
CT00073,C00073
CT00074,C00074
CT00075,C00075
CT00076,C00076
CT00077,C00077
CT00078,C00078
CT00079,C00079
CT00080,C00080
CT00081,C00081
CT00082,C00082
CT00083,C00083
CT00084,C00084
CT00085,C00085
CT00086,C00086
CT00087,C00087
CT00088,C00088
CT00089,C00089
CT00090,C00090
CT00091,C00091
CT00092,C00092
CT00093,C00093
CT00094,C00094
CT00095,C00095
CT00096,C00096
CT00097,C00097
CT00098,C00098
CT00099,C00099
CT00100,C00100
CT00101,C00101
CT00102,C00102
CT00103,C00103
CT00104,C00104
CT00105,C00105
CT00106,C00106
CT00107,C00107
CT00108,C00108
CT00109,C00109
CT00110,C00110
CT00111,C00111
CT00112,C00112
CT00113,C00113
CT00114,C00114
CT00115,C00115
CT00116,C00116
CT00117,C00117
CT00118,C00118
CT00119,C00119
CT00120,C00120
CT00121,C00121
CT00122,C00122
CT00123,C00123
CT00124,C00124
CT00125,C00125
CT00126,C00126
CT00127,C00127
CT00128,C00128
CT00129,C00129
CT00130,C00130
CT00131,C00131
CT00132,C00132
CT00133,C00133
CT00134,C00134
CT00135,C00135
CT00136,C00136
CT00137,C00137
CT00138,C00138
CT00139,C00139
CT00140,C00140
CT00141,C00141
CT00142,C00142
CT00143,C00143
CT00144,C00144
CT00145,C00145
CT00146,C00146
CT00147,C00147
CT00148,C00148
CT00149,C00149
CT00150,C00150
CT00151,C00151
CT00152,C00152
CT00153,C00153
CT00154,C00154
CT00155,C00155
CT00156,C00156
CT00157,C00157
CT00158,C00158
CT00159,C00159
CT00160,C00160
CT00161,C00161
CT00162,C00162
CT00163,C00163
CT00164,C00164
CT00165,C00165
CT00166,C00166
CT00167,C00167
CT00168,C00168
CT00169,C00169
CT00170,C00170
CT00171,C00171
CT00172,C00172
CT00173,C00173
CT00174,C00174
CT00175,C00175
CT00176,C00176
CT00177,C00177
CT00178,C00178
CT00179,C00179
CT00180,C00180
CT00181,C00181
CT00182,C00182
CT00183,C00183
CT00184,C00184
CT00185,C00185
CT00186,C00186
CT00187,C00187
CT00188,C00188
CT00189,C00189
CT00190,C00190
CT00191,C00191
CT00192,C00192
CT00193,C00193
CT00194,C00194
CT00195,C00195
CT00196,C00196
CT00197,C00197
CT00198,C00198
CT00199,C00199
CT00200,C00200
CT00201,C00201
CT00202,C00202
CT00203,C00203
CT00204,C00204
CT00205,C00205
CT00206,C00206
CT00207,C00207
CT00208,C00208
CT00209,C00209
CT00210,C00210
CT00211,C00211
CT00212,C00212
CT00213,C00213
CT00214,C00214
CT00215,C00215
CT00216,C00216
CT00217,C00217
CT00218,C00218
CT00219,C00219
CT00220,C00220
CT00221,C00221
CT00222,C00222
CT00223,C00223
CT00224,C00224
CT00225,C00225
CT00226,C00226
CT00227,C00227
CT00228,C00228
CT00229,C00229
CT00230,C00230
CT00231,C00231
CT00232,C00232
CT00233,C00233
CT00234,C00234
CT00235,C00235
CT00236,C00236
CT00237,C00237
CT00238,C00238
CT00239,C00239
CT00240,C00240
CT00241,C00241
CT00242,C00242
CT00243,C00243
CT00244,C00244
CT00245,C00245
CT00246,C00246
CT00247,C00247
CT00248,C00248
CT00249,C00249
CT00250,C00250
CT00251,C00251
CT00252,C00252
CT00253,C00253
CT00254,C00254
CT00255,C00255
CT00256,C00256
CT00257,C00257
CT00258,C00258
CT00259,C00259
CT00260,C00260
CT00261,C00261
CT00262,C00262
CT00263,C00263
CT00264,C00264
CT00265,C00265
CT00266,C00266
CT00267,C00267
CT00268,C00268
CT00269,C00269
CT00270,C00270
CT00271,C00271
CT00272,C00272
CT00273,C00273
CT00274,C00274
CT00275,C00275
CT00276,C00276
CT00277,C00277
CT00278,C00278
CT00279,C00279
CT00280,C00280
CT00281,C00281
CT00282,C00282
CT00283,C00283
CT00284,C00284
CT00285,C00285
CT00286,C00286
CT00287,C00287
CT00288,C00288
CT00289,C00289
CT00290,C00290
CT00291,C00291
CT00292,C00292
CT00293,C00293
CT00294,C00294
CT00295,C00295
CT00296,C00296
CT00297,C00297
CT00298,C00298
CT00299,C00299
CT00300,C00300
CT00301,C00301
CT00302,C00302
CT00303,C00303
CT00304,C00304
CT00305,C00305
CT00306,C00306
CT00307,C00307
CT00308,C00308
CT00309,C00309
CT00310,C00310
CT00311,C00311
CT00312,C00312
CT00313,C00313
CT00314,C00314
CT00315,C00315
CT00316,C00316
CT00317,C00317
CT00318,C00318
CT00319,C00319
CT00320,C00320
CT00321,C00321
CT00322,C00322
CT00323,C00323
CT00324,C00324
CT00325,C00325
CT00326,C00326
CT00327,C00327
CT00328,C00328
CT00329,C00329
CT00330,C00330
CT00331,C00331
CT00332,C00332
CT00333,C00333
CT00334,C00334
CT00335,C00335
CT00336,C00336
CT00337,C00337
CT00338,C00338
CT00339,C00339
CT00340,C00340
CT00341,C00341
CT00342,C00342
CT00343,C00343
CT00344,C00344
CT00345,C00345
CT00346,C00346
CT00347,C00347
CT00348,C00348
CT00349,C00349
CT00350,C00350
CT00351,C00351
CT00352,C00352
CT00353,C00353
CT00354,C00354
CT00355,C00355
CT00356,C00356
CT00357,C00357
CT00358,C00358
CT00359,C00359
CT00360,C00360
CT00361,C00361
CT00362,C00362
CT00363,C00363
CT00364,C00364
CT00365,C00365
CT00366,C00366
CT00367,C00367
CT00368,C00368
CT00369,C00369
CT00370,C00370
CT00371,C00371
CT00372,C00372
CT00373,C00373
CT00374,C00374
CT00375,C00375
CT00376,C00376
CT00377,C00377
CT00378,C00378
CT00379,C00379
CT00380,C00380
CT00381,C00381
CT00382,C00382
CT00383,C00383
CT00384,C00384
CT00385,C00385
CT00386,C00386
CT00387,C00387
CT00388,C00388
CT00389,C00389
CT00390,C00390
CT00391,C00391
CT00392,C00392
CT00393,C00393
CT00394,C00394
CT00395,C00395
CT00396,C00396
CT00397,C00397
CT00398,C00398
CT00399,C00399
CT00400,C00400
CT00401,C00401
CT00402,C00402
CT00403,C00403
CT00404,C00404
CT00405,C00405
CT00406,C00406
CT00407,C00407
CT00408,C00408
CT00409,C00409
CT00410,C00410
CT00411,C00411
CT00412,C00412
CT00413,C00413
CT00414,C00414
CT00415,C00415
CT00416,C00416
CT00417,C00417
CT00418,C00418
CT00419,C00419
CT00420,C00420
CT00421,C00421
CT00422,C00422
CT00423,C00423
CT00424,C00424
CT00425,C00425
CT00426,C00426
CT00427,C00427
CT00428,C00428
CT00429,C00429
CT00430,C00430
CT00431,C00431
CT00432,C00432
CT00433,C00433
CT00434,C00434
CT00435,C00435
CT00436,C00436
CT00437,C00437
CT00438,C00438
CT00439,C00439
CT00440,C00440
CT00441,C00441
CT00442,C00442
CT00443,C00443
CT00444,C00444
CT00445,C00445
CT00446,C00446
CT00447,C00447
CT00448,C00448
CT00449,C00449
CT00450,C00450
CT00451,C00451
CT00452,C00452
CT00453,C00453
CT00454,C00454
CT00455,C00455
CT00456,C00456
CT00457,C00457
CT00458,C00458
CT00459,C00459
CT00460,C00460
CT00461,C00461
CT00462,C00462
CT00463,C00463
CT00464,C00464
CT00465,C00465
CT00466,C00466
CT00467,C00467
CT00468,C00468
CT00469,C00469
CT00470,C00470
CT00471,C00471
CT00472,C00472
CT00473,C00473
CT00474,C00474
CT00475,C00475
CT00476,C00476
CT00477,C00477
CT00478,C00478
CT00479,C00479
CT00480,C00480
CT00481,C00481
CT00482,C00482
CT00483,C00483
CT00484,C00484
CT00485,C00485
CT00486,C00486
CT00487,C00487
CT00488,C00488
CT00489,C00489
CT00490,C00490
CT00491,C00491
CT00492,C00492
CT00493,C00493
CT00494,C00494
CT00495,C00495
CT00496,C00496
CT00497,C00497
CT00498,C00498
CT00499,C00499
CT00500,C00500
CT00501,C00501
CT00502,C00502
CT00503,C00503
CT00504,C00504
CT00505,C00505
CT00506,C00506
CT00507,C00507
CT00508,C00508
CT00509,C00509
CT00510,C00510
CT00511,C00511
CT00512,C00512
CT00513,C00513
CT00514,C00514
CT00515,C00515
CT00516,C00516
CT00517,C00517
CT00518,C00518
CT00519,C00519
CT00520,C00520
CT00521,C00521
CT00522,C00522
CT00523,C00523
CT00524,C00524
CT00525,C00525
CT00526,C00526
CT00527,C00527
CT00528,C00528
CT00529,C00529
CT00530,C00530
CT00531,C00531
CT00532,C00532
CT00533,C00533
CT00534,C00534
CT00535,C00535
CT00536,C00536
CT00537,C00537
CT00538,C00538
CT00539,C00539
CT00540,C00540
CT00541,C00541
CT00542,C00542
CT00543,C00543
CT00544,C00544
CT00545,C00545
CT00546,C00546
CT00547,C00547
CT00548,C00548
CT00549,C00549
CT00550,C00550
CT00551,C00551
CT00552,C00552
CT00553,C00553
CT00554,C00554
CT00555,C00555
CT00556,C00556
CT00557,C00557
CT00558,C00558
CT00559,C00559
CT00560,C00560
CT00561,C00561
CT00562,C00562
CT00563,C00563
CT00564,C00564
CT00565,C00565
CT00566,C00566
CT00567,C00567
CT00568,C00568
CT00569,C00569
CT00570,C00570
CT00571,C00571
CT00572,C00572
CT00573,C00573
CT00574,C00574
CT00575,C00575
CT00576,C00576
CT00577,C00577
CT00578,C00578
CT00579,C00579
CT00580,C00580
CT00581,C00581
CT00582,C00582
CT00583,C00583
CT00584,C00584
CT00585,C00585
CT00586,C00586
CT00587,C00587
CT00588,C00588
CT00589,C00589
CT00590,C00590
CT00591,C00591
CT00592,C00592
CT00593,C00593
CT00594,C00594
CT00595,C00595
CT00596,C00596
CT00597,C00597
CT00598,C00598
CT00599,C00599
CT00600,C00600
CT00601,C00601
CT00602,C00602
CT00603,C00603
CT00604,C00604
CT00605,C00605
CT00606,C00606
CT00607,C00607
CT00608,C00608
CT00609,C00609
CT00610,C00610
CT00611,C00611
CT00612,C00612
CT00613,C00613
CT00614,C00614
CT00615,C00615
CT00616,C00616
CT00617,C00617
CT00618,C00618
CT00619,C00619
CT00620,C00620
CT00621,C00621
CT00622,C00622
CT00623,C00623
CT00624,C00624
CT00625,C00625
CT00626,C00626
CT00627,C00627
CT00628,C00628
CT00629,C00629
CT00630,C00630
CT00631,C00631
CT00632,C00632
CT00633,C00633
CT00634,C00634
CT00635,C00635
CT00636,C00636
CT00637,C00637
CT00638,C00638
CT00639,C00639
CT00640,C00640
CT00641,C00641
CT00642,C00642
CT00643,C00643
CT00644,C00644
CT00645,C00645
CT00646,C00646
CT00647,C00647
CT00648,C00648
CT00649,C00649
CT00650,C00650
CT00651,C00651
CT00652,C00652
CT00653,C00653
CT00654,C00654
CT00655,C00655
CT00656,C00656
CT00657,C00657
CT00658,C00658
CT00659,C00659
CT00660,C00660
CT00661,C00661
CT00662,C00662
CT00663,C00663
CT00664,C00664
CT00665,C00665
CT00666,C00666
CT00667,C00667
CT00668,C00668
CT00669,C00669
CT00670,C00670
CT00671,C00671
CT00672,C00672
CT00673,C00673
CT00674,C00674
CT00675,C00675
CT00676,C00676
CT00677,C00677
CT00678,C00678
CT00679,C00679
CT00680,C00680
CT00681,C00681
CT00682,C00682
CT00683,C00683
CT00684,C00684
CT00685,C00685
CT00686,C00686
CT00687,C00687
CT00688,C00688
CT00689,C00689
CT00690,C00690
CT00691,C00691
CT00692,C00692
CT00693,C00693
CT00694,C00694
CT00695,C00695
CT00696,C00696
CT00697,C00697
CT00698,C00698
CT00699,C00699
CT00700,C00700
CT00701,C00701
CT00702,C00702
CT00703,C00703
CT00704,C00704
CT00705,C00705
CT00706,C00706
CT00707,C00707
CT00708,C00708
CT00709,C00709
CT00710,C00710
CT00711,C00711
CT00712,C00712
CT00713,C00713
CT00714,C00714
CT00715,C00715
CT00716,C00716
CT00717,C00717
CT00718,C00718
CT00719,C00719
CT00720,C00720
CT00721,C00721
CT00722,C00722
CT00723,C00723
CT00724,C00724
CT00725,C00725
CT00726,C00726
CT00727,C00727
CT00728,C00728
CT00729,C00729
CT00730,C00730
CT00731,C00731
CT00732,C00732
CT00733,C00733
CT00734,C00734
CT00735,C00735
CT00736,C00736
CT00737,C00737
CT00738,C00738
CT00739,C00739
CT00740,C00740
CT00741,C00741
CT00742,C00742
CT00743,C00743
CT00744,C00744
CT00745,C00745
CT00746,C00746
CT00747,C00747
CT00748,C00748
CT00749,C00749
CT00750,C00750
CT00751,C00751
CT00752,C00752
CT00753,C00753
CT00754,C00754
CT00755,C00755
CT00756,C00756
CT00757,C00757
CT00758,C00758
CT00759,C00759
CT00760,C00760
CT00761,C00761
CT00762,C00762
CT00763,C00763
CT00764,C00764
CT00765,C00765
CT00766,C00766
CT00767,C00767
CT00768,C00768
CT00769,C00769
CT00770,C00770
CT00771,C00771
CT00772,C00772
CT00773,C00773
CT00774,C00774
CT00775,C00775
CT00776,C00776
CT00777,C00777
CT00778,C00778
CT00779,C00779
CT00780,C00780
CT00781,C00781
CT00782,C00782
CT00783,C00783
CT00784,C00784
CT00785,C00785
CT00786,C00786
CT00787,C00787
CT00788,C00788
CT00789,C00789
CT00790,C00790
CT00791,C00791
CT00792,C00792
CT00793,C00793
CT00794,C00794
CT00795,C00795
CT00796,C00796
CT00797,C00797
CT00798,C00798
CT00799,C00799
CT00800,C00800
CT00801,C00801
CT00802,C00802
CT00803,C00803
CT00804,C00804
CT00805,C00805
CT00806,C00806
CT00807,C00807
CT00808,C00808
CT00809,C00809
CT00810,C00810
CT00811,C00811
CT00812,C00812
CT00813,C00813
CT00814,C00814
CT00815,C00815
CT00816,C00816
CT00817,C00817
CT00818,C00818
CT00819,C00819
CT00820,C00820
CT00821,C00821
CT00822,C00822
CT00823,C00823
CT00824,C00824
CT00825,C00825
CT00826,C00826
CT00827,C00827
CT00828,C00828
CT00829,C00829
CT00830,C00830
CT00831,C00831
CT00832,C00832
CT00833,C00833
CT00834,C00834
CT00835,C00835
CT00836,C00836
CT00837,C00837
CT00838,C00838
CT00839,C00839
CT00840,C00840
CT00841,C00841
CT00842,C00842
CT00843,C00843
CT00844,C00844
CT00845,C00845
CT00846,C00846
CT00847,C00847
CT00848,C00848
CT00849,C00849
CT00850,C00850
CT00851,C00851
CT00852,C00852
CT00853,C00853
CT00854,C00854
CT00855,C00855
CT00856,C00856
CT00857,C00857
CT00858,C00858
CT00859,C00859
CT00860,C00860
CT00861,C00861
CT00862,C00862
CT00863,C00863
CT00864,C00864
CT00865,C00865
CT00866,C00866
CT00867,C00867
CT00868,C00868
CT00869,C00869
CT00870,C00870
CT00871,C00871
CT00872,C00872
CT00873,C00873
CT00874,C00874
CT00875,C00875
CT00876,C00876
CT00877,C00877
CT00878,C00878
CT00879,C00879
CT00880,C00880
CT00881,C00881
CT00882,C00882
CT00883,C00883
CT00884,C00884
CT00885,C00885
CT00886,C00886
CT00887,C00887
CT00888,C00888
CT00889,C00889
CT00890,C00890
CT00891,C00891
CT00892,C00892
CT00893,C00893
CT00894,C00894
CT00895,C00895
CT00896,C00896
CT00897,C00897
CT00898,C00898
CT00899,C00899
CT00900,C00900
CT00901,C00901
CT00902,C00902
CT00903,C00903
CT00904,C00904
CT00905,C00905
CT00906,C00906
CT00907,C00907
CT00908,C00908
CT00909,C00909
CT00910,C00910
CT00911,C00911
CT00912,C00912
CT00913,C00913
CT00914,C00914
CT00915,C00915
CT00916,C00916
CT00917,C00917
CT00918,C00918
CT00919,C00919
CT00920,C00920
CT00921,C00921
CT00922,C00922
CT00923,C00923
CT00924,C00924
CT00925,C00925
CT00926,C00926
CT00927,C00927
CT00928,C00928
CT00929,C00929
CT00930,C00930
CT00931,C00931
CT00932,C00932
CT00933,C00933
CT00934,C00934
CT00935,C00935
CT00936,C00936
CT00937,C00937
CT00938,C00938
CT00939,C00939
CT00940,C00940
CT00941,C00941
CT00942,C00942
CT00943,C00943
CT00944,C00944
CT00945,C00945
CT00946,C00946
CT00947,C00947
CT00948,C00948
CT00949,C00949
CT00950,C00950
CT00951,C00951
CT00952,C00952
CT00953,C00953
CT00954,C00954
CT00955,C00955
CT00956,C00956
CT00957,C00957
CT00958,C00958
CT00959,C00959
CT00960,C00960
CT00961,C00961
CT00962,C00962
CT00963,C00963
CT00964,C00964
CT00965,C00965
CT00966,C00966
CT00967,C00967
CT00968,C00968
CT00969,C00969
CT00970,C00970
CT00971,C00971
CT00972,C00972
CT00973,C00973
CT00974,C00974
CT00975,C00975
CT00976,C00976
CT00977,C00977
CT00978,C00978
CT00979,C00979
CT00980,C00980
CT00981,C00981
CT00982,C00982
CT00983,C00983
CT00984,C00984
CT00985,C00985
CT00986,C00986
CT00987,C00987
CT00988,C00988
CT00989,C00989
CT00990,C00990
CT00991,C00991
CT00992,C00992
CT00993,C00993
CT00994,C00994
CT00995,C00995
CT00996,C00996
CT00997,C00997
CT00998,C00998
CT00999,C00999
CT01000,C01000
CT01001,C01001
CT01002,C01002
CT01003,C01003
CT01004,C01004
CT01005,C01005
CT01006,C01006
CT01007,C01007
CT01008,C01008
CT01009,C01009
CT01010,C01010
CT01011,C01011
CT01012,C01012
CT01013,C01013
CT01014,C01014
CT01015,C01015
CT01016,C01016
CT01017,C01017
CT01018,C01018
CT01019,C01019
CT01020,C01020
CT01021,C01021
CT01022,C01022
CT01023,C01023
CT01024,C01024
CT01025,C01025
CT01026,C01026
CT01027,C01027
CT01028,C01028
CT01029,C01029
CT01030,C01030
CT01031,C01031
CT01032,C01032
CT01033,C01033
CT01034,C01034
CT01035,C01035
CT01036,C01036
CT01037,C01037
CT01038,C01038
CT01039,C01039
CT01040,C01040
CT01041,C01041
CT01042,C01042
CT01043,C01043
CT01044,C01044
CT01045,C01045
CT01046,C01046
CT01047,C01047
CT01048,C01048
CT01049,C01049
CT01050,C01050
CT01051,C01051
CT01052,C01052
CT01053,C01053
CT01054,C01054
CT01055,C01055
CT01056,C01056
CT01057,C01057
CT01058,C01058
CT01059,C01059
CT01060,C01060
CT01061,C01061
CT01062,C01062
CT01063,C01063
CT01064,C01064
CT01065,C01065
CT01066,C01066
CT01067,C01067
CT01068,C01068
CT01069,C01069
CT01070,C01070
CT01071,C01071
CT01072,C01072
CT01073,C01073
CT01074,C01074
CT01075,C01075
CT01076,C01076
CT01077,C01077
CT01078,C01078
CT01079,C01079
CT01080,C01080
CT01081,C01081
CT01082,C01082
CT01083,C01083
CT01084,C01084
CT01085,C01085
CT01086,C01086
CT01087,C01087
CT01088,C01088
CT01089,C01089
CT01090,C01090
CT01091,C01091
CT01092,C01092
CT01093,C01093
CT01094,C01094
CT01095,C01095
CT01096,C01096
CT01097,C01097
CT01098,C01098
CT01099,C01099
CT01100,C01100
CT01101,C01101
CT01102,C01102
CT01103,C01103
CT01104,C01104
CT01105,C01105
CT01106,C01106
CT01107,C01107
CT01108,C01108
CT01109,C01109
CT01110,C01110
CT01111,C01111
CT01112,C01112
CT01113,C01113
CT01114,C01114
CT01115,C01115
CT01116,C01116
CT01117,C01117
CT01118,C01118
CT01119,C01119
CT01120,C01120
CT01121,C01121
CT01122,C01122
CT01123,C01123
CT01124,C01124
CT01125,C01125
CT01126,C01126
CT01127,C01127
CT01128,C01128
CT01129,C01129
CT01130,C01130
CT01131,C01131
CT01132,C01132
CT01133,C01133
CT01134,C01134
CT01135,C01135
CT01136,C01136
CT01137,C01137
CT01138,C01138
CT01139,C01139
CT01140,C01140
CT01141,C01141
CT01142,C01142
CT01143,C01143
CT01144,C01144
CT01145,C01145
CT01146,C01146
CT01147,C01147
CT01148,C01148
CT01149,C01149
CT01150,C01150
CT01151,C01151
CT01152,C01152
CT01153,C01153
CT01154,C01154
CT01155,C01155
CT01156,C01156
CT01157,C01157
CT01158,C01158
CT01159,C01159
CT01160,C01160
CT01161,C01161
CT01162,C01162
CT01163,C01163
CT01164,C01164
CT01165,C01165
CT01166,C01166
CT01167,C01167
CT01168,C01168
CT01169,C01169
CT01170,C01170
CT01171,C01171
CT01172,C01172
CT01173,C01173
CT01174,C01174
CT01175,C01175
CT01176,C01176
CT01177,C01177
CT01178,C01178
CT01179,C01179
CT01180,C01180
CT01181,C01181
CT01182,C01182
CT01183,C01183
CT01184,C01184
CT01185,C01185
CT01186,C01186
CT01187,C01187
CT01188,C01188
CT01189,C01189
CT01190,C01190
CT01191,C01191
CT01192,C01192
CT01193,C01193
CT01194,C01194
CT01195,C01195
CT01196,C01196
CT01197,C01197
CT01198,C01198
CT01199,C01199
CT01200,C01200
CT01201,C01201
CT01202,C01202
CT01203,C01203
CT01204,C01204
CT01205,C01205
CT01206,C01206
CT01207,C01207
CT01208,C01208
CT01209,C01209
CT01210,C01210
CT01211,C01211
CT01212,C01212
CT01213,C01213
CT01214,C01214
CT01215,C01215
CT01216,C01216
CT01217,C01217
CT01218,C01218
CT01219,C01219
CT01220,C01220
CT01221,C01221
CT01222,C01222
CT01223,C01223
CT01224,C01224
CT01225,C01225
CT01226,C01226
CT01227,C01227
CT01228,C01228
CT01229,C01229
CT01230,C01230
CT01231,C01231
CT01232,C01232
CT01233,C01233
CT01234,C01234
CT01235,C01235
CT01236,C01236
CT01237,C01237
CT01238,C01238
CT01239,C01239
CT01240,C01240
CT01241,C01241
CT01242,C01242
CT01243,C01243
CT01244,C01244
CT01245,C01245
CT01246,C01246
CT01247,C01247
CT01248,C01248
CT01249,C01249
CT01250,C01250
CT01251,C01251
CT01252,C01252
CT01253,C01253
CT01254,C01254
CT01255,C01255
CT01256,C01256
CT01257,C01257
CT01258,C01258
CT01259,C01259
CT01260,C01260
CT01261,C01261
CT01262,C01262
CT01263,C01263
CT01264,C01264
CT01265,C01265
CT01266,C01266
CT01267,C01267
CT01268,C01268
CT01269,C01269
CT01270,C01270
CT01271,C01271
CT01272,C01272
CT01273,C01273
CT01274,C01274
CT01275,C01275
CT01276,C01276
CT01277,C01277
CT01278,C01278
CT01279,C01279
CT01280,C01280
CT01281,C01281
CT01282,C01282
CT01283,C01283
CT01284,C01284
CT01285,C01285
CT01286,C01286
CT01287,C01287
CT01288,C01288
CT01289,C01289
CT01290,C01290
CT01291,C01291
CT01292,C01292
CT01293,C01293
CT01294,C01294
CT01295,C01295
CT01296,C01296
CT01297,C01297
CT01298,C01298
CT01299,C01299
CT01300,C01300
CT01301,C01301
CT01302,C01302
CT01303,C01303
CT01304,C01304
CT01305,C01305
CT01306,C01306
CT01307,C01307
CT01308,C01308
CT01309,C01309
CT01310,C01310
CT01311,C01311
CT01312,C01312
CT01313,C01313
CT01314,C01314
CT01315,C01315
CT01316,C01316
CT01317,C01317
CT01318,C01318
CT01319,C01319
CT01320,C01320
CT01321,C01321
CT01322,C01322
CT01323,C01323
CT01324,C01324
CT01325,C01325
CT01326,C01326
CT01327,C01327
CT01328,C01328
CT01329,C01329
CT01330,C01330
CT01331,C01331
CT01332,C01332
CT01333,C01333
CT01334,C01334
CT01335,C01335
CT01336,C01336
CT01337,C01337
CT01338,C01338
CT01339,C01339
CT01340,C01340
CT01341,C01341
CT01342,C01342
CT01343,C01343
CT01344,C01344
CT01345,C01345
CT01346,C01346
CT01347,C01347
CT01348,C01348
CT01349,C01349
CT01350,C01350
CT01351,C01351
CT01352,C01352
CT01353,C01353
CT01354,C01354
CT01355,C01355
CT01356,C01356
CT01357,C01357
CT01358,C01358
CT01359,C01359
CT01360,C01360
CT01361,C01361
CT01362,C01362
CT01363,C01363
CT01364,C01364
CT01365,C01365
CT01366,C01366
CT01367,C01367
CT01368,C01368
CT01369,C01369
CT01370,C01370
CT01371,C01371
CT01372,C01372
CT01373,C01373
CT01374,C01374
CT01375,C01375
CT01376,C01376
CT01377,C01377
CT01378,C01378
CT01379,C01379
CT01380,C01380
CT01381,C01381
CT01382,C01382
CT01383,C01383
CT01384,C01384
CT01385,C01385
CT01386,C01386
CT01387,C01387
CT01388,C01388
CT01389,C01389
CT01390,C01390
CT01391,C01391
CT01392,C01392
CT01393,C01393
CT01394,C01394
CT01395,C01395
CT01396,C01396
CT01397,C01397
CT01398,C01398
CT01399,C01399
CT01400,C01400
CT01401,C01401
CT01402,C01402
CT01403,C01403
CT01404,C01404
CT01405,C01405
CT01406,C01406
CT01407,C01407
CT01408,C01408
CT01409,C01409
CT01410,C01410
CT01411,C01411
CT01412,C01412
CT01413,C01413
CT01414,C01414
CT01415,C01415
CT01416,C01416
CT01417,C01417
CT01418,C01418
CT01419,C01419
CT01420,C01420
CT01421,C01421
CT01422,C01422
CT01423,C01423
CT01424,C01424
CT01425,C01425
CT01426,C01426
CT01427,C01427
CT01428,C01428
CT01429,C01429
CT01430,C01430
CT01431,C01431
CT01432,C01432
CT01433,C01433
CT01434,C01434
CT01435,C01435
CT01436,C01436
CT01437,C01437
CT01438,C01438
CT01439,C01439
CT01440,C01440
CT01441,C01441
CT01442,C01442
CT01443,C01443
CT01444,C01444
CT01445,C01445
CT01446,C01446
CT01447,C01447
CT01448,C01448
CT01449,C01449
CT01450,C01450
CT01451,C01451
CT01452,C01452
CT01453,C01453
CT01454,C01454
CT01455,C01455
CT01456,C01456
CT01457,C01457
CT01458,C01458
CT01459,C01459
CT01460,C01460
CT01461,C01461
CT01462,C01462
CT01463,C01463
CT01464,C01464
CT01465,C01465
CT01466,C01466
CT01467,C01467
CT01468,C01468
CT01469,C01469
CT01470,C01470
CT01471,C01471
CT01472,C01472
CT01473,C01473
CT01474,C01474
CT01475,C01475
CT01476,C01476
CT01477,C01477
CT01478,C01478
CT01479,C01479
CT01480,C01480
CT01481,C01481
CT01482,C01482
CT01483,C01483
CT01484,C01484
CT01485,C01485
CT01486,C01486
CT01487,C01487
CT01488,C01488
CT01489,C01489
CT01490,C01490
CT01491,C01491
CT01492,C01492
CT01493,C01493
CT01494,C01494
CT01495,C01495
CT01496,C01496
CT01497,C01497
CT01498,C01498
CT01499,C01499
CT01500,C01500
CT01501,C01501
CT01502,C01502
CT01503,C01503
CT01504,C01504
CT01505,C01505
CT01506,C01506
CT01507,C01507
CT01508,C01508
CT01509,C01509
CT01510,C01510
CT01511,C01511
CT01512,C01512
CT01513,C01513
CT01514,C01514
CT01515,C01515
CT01516,C01516
CT01517,C01517
CT01518,C01518
CT01519,C01519
CT01520,C01520
CT01521,C01521
CT01522,C01522
CT01523,C01523
CT01524,C01524
CT01525,C01525
CT01526,C01526
CT01527,C01527
CT01528,C01528
CT01529,C01529
CT01530,C01530
CT01531,C01531
CT01532,C01532
CT01533,C01533
CT01534,C01534
CT01535,C01535
CT01536,C01536
CT01537,C01537
CT01538,C01538
CT01539,C01539
CT01540,C01540
CT01541,C01541
CT01542,C01542
CT01543,C01543
CT01544,C01544
CT01545,C01545
CT01546,C01546
CT01547,C01547
CT01548,C01548
CT01549,C01549
CT01550,C01550
CT01551,C01551
CT01552,C01552
CT01553,C01553
CT01554,C01554
CT01555,C01555
CT01556,C01556
CT01557,C01557
CT01558,C01558
CT01559,C01559
CT01560,C01560
CT01561,C01561
CT01562,C01562
CT01563,C01563
CT01564,C01564
CT01565,C01565
CT01566,C01566
CT01567,C01567
CT01568,C01568
CT01569,C01569
CT01570,C01570
CT01571,C01571
CT01572,C01572
CT01573,C01573
CT01574,C01574
CT01575,C01575
CT01576,C01576
CT01577,C01577
CT01578,C01578
CT01579,C01579
CT01580,C01580
CT01581,C01581
CT01582,C01582
CT01583,C01583
CT01584,C01584
CT01585,C01585
CT01586,C01586
CT01587,C01587
CT01588,C01588
CT01589,C01589
CT01590,C01590
CT01591,C01591
CT01592,C01592
CT01593,C01593
CT01594,C01594
CT01595,C01595
CT01596,C01596
CT01597,C01597
CT01598,C01598
CT01599,C01599
CT01600,C01600
CT01601,C01601
CT01602,C01602
CT01603,C01603
CT01604,C01604
CT01605,C01605
CT01606,C01606
CT01607,C01607
CT01608,C01608
CT01609,C01609
CT01610,C01610
CT01611,C01611
CT01612,C01612
CT01613,C01613
CT01614,C01614
CT01615,C01615
CT01616,C01616
CT01617,C01617
CT01618,C01618
CT01619,C01619
CT01620,C01620
CT01621,C01621
CT01622,C01622
CT01623,C01623
CT01624,C01624
CT01625,C01625
CT01626,C01626
CT01627,C01627
CT01628,C01628
CT01629,C01629
CT01630,C01630
CT01631,C01631
CT01632,C01632
CT01633,C01633
CT01634,C01634
CT01635,C01635
CT01636,C01636
CT01637,C01637
CT01638,C01638
CT01639,C01639
CT01640,C01640
CT01641,C01641
CT01642,C01642
CT01643,C01643
CT01644,C01644
CT01645,C01645
CT01646,C01646
CT01647,C01647
CT01648,C01648
CT01649,C01649
CT01650,C01650
CT01651,C01651
CT01652,C01652
CT01653,C01653
CT01654,C01654
CT01655,C01655
CT01656,C01656
CT01657,C01657
CT01658,C01658
CT01659,C01659
CT01660,C01660
CT01661,C01661
CT01662,C01662
CT01663,C01663
CT01664,C01664
CT01665,C01665
CT01666,C01666
CT01667,C01667
CT01668,C01668
CT01669,C01669
CT01670,C01670
CT01671,C01671
CT01672,C01672
CT01673,C01673
CT01674,C01674
CT01675,C01675
CT01676,C01676
CT01677,C01677
CT01678,C01678
CT01679,C01679
CT01680,C01680
CT01681,C01681
CT01682,C01682
CT01683,C01683
CT01684,C01684
CT01685,C01685
CT01686,C01686
CT01687,C01687
CT01688,C01688
CT01689,C01689
CT01690,C01690
CT01691,C01691
CT01692,C01692
CT01693,C01693
CT01694,C01694
CT01695,C01695
CT01696,C01696
CT01697,C01697
CT01698,C01698
CT01699,C01699
CT01700,C01700
CT01701,C01701
CT01702,C01702
CT01703,C01703
CT01704,C01704
CT01705,C01705
CT01706,C01706
CT01707,C01707
CT01708,C01708
CT01709,C01709
CT01710,C01710
CT01711,C01711
CT01712,C01712
CT01713,C01713
CT01714,C01714
CT01715,C01715
CT01716,C01716
CT01717,C01717
CT01718,C01718
CT01719,C01719
CT01720,C01720
CT01721,C01721
CT01722,C01722
CT01723,C01723
CT01724,C01724
CT01725,C01725
CT01726,C01726
CT01727,C01727
CT01728,C01728
CT01729,C01729
CT01730,C01730
CT01731,C01731
CT01732,C01732
CT01733,C01733
CT01734,C01734
CT01735,C01735
CT01736,C01736
CT01737,C01737
CT01738,C01738
CT01739,C01739
CT01740,C01740
CT01741,C01741
CT01742,C01742
CT01743,C01743
CT01744,C01744
CT01745,C01745
CT01746,C01746
CT01747,C01747
CT01748,C01748
CT01749,C01749
CT01750,C01750
CT01751,C01751
CT01752,C01752
CT01753,C01753
CT01754,C01754
CT01755,C01755
CT01756,C01756
CT01757,C01757
CT01758,C01758
CT01759,C01759
CT01760,C01760
CT01761,C01761
CT01762,C01762
CT01763,C01763
CT01764,C01764
CT01765,C01765
CT01766,C01766
CT01767,C01767
CT01768,C01768
CT01769,C01769
CT01770,C01770
CT01771,C01771
CT01772,C01772
CT01773,C01773
CT01774,C01774
CT01775,C01775
CT01776,C01776
CT01777,C01777
CT01778,C01778
CT01779,C01779
CT01780,C01780
CT01781,C01781
CT01782,C01782
CT01783,C01783
CT01784,C01784
CT01785,C01785
CT01786,C01786
CT01787,C01787
CT01788,C01788
CT01789,C01789
CT01790,C01790
CT01791,C01791
CT01792,C01792
CT01793,C01793
CT01794,C01794
CT01795,C01795
CT01796,C01796
CT01797,C01797
CT01798,C01798
CT01799,C01799
CT01800,C01800
CT01801,C01801
CT01802,C01802
CT01803,C01803
CT01804,C01804
CT01805,C01805
CT01806,C01806
CT01807,C01807
CT01808,C01808
CT01809,C01809
CT01810,C01810
CT01811,C01811
CT01812,C01812
CT01813,C01813
CT01814,C01814
CT01815,C01815
CT01816,C01816
CT01817,C01817
CT01818,C01818
CT01819,C01819
CT01820,C01820
CT01821,C01821
CT01822,C01822
CT01823,C01823
CT01824,C01824
CT01825,C01825
CT01826,C01826
CT01827,C01827
CT01828,C01828
CT01829,C01829
CT01830,C01830
CT01831,C01831
CT01832,C01832
CT01833,C01833
CT01834,C01834
CT01835,C01835
CT01836,C01836
CT01837,C01837
CT01838,C01838
CT01839,C01839
CT01840,C01840
CT01841,C01841
CT01842,C01842
CT01843,C01843
CT01844,C01844
CT01845,C01845
CT01846,C01846
CT01847,C01847
CT01848,C01848
CT01849,C01849
CT01850,C01850
CT01851,C01851
CT01852,C01852
CT01853,C01853
CT01854,C01854
CT01855,C01855
CT01856,C01856
CT01857,C01857
CT01858,C01858
CT01859,C01859
CT01860,C01860
CT01861,C01861
CT01862,C01862
CT01863,C01863
CT01864,C01864
CT01865,C01865
CT01866,C01866
CT01867,C01867
CT01868,C01868
CT01869,C01869
CT01870,C01870
CT01871,C01871
CT01872,C01872
CT01873,C01873
CT01874,C01874
CT01875,C01875
CT01876,C01876
CT01877,C01877
CT01878,C01878
CT01879,C01879
CT01880,C01880
CT01881,C01881
CT01882,C01882
CT01883,C01883
CT01884,C01884
CT01885,C01885
CT01886,C01886
CT01887,C01887
CT01888,C01888
CT01889,C01889
CT01890,C01890
CT01891,C01891
CT01892,C01892
CT01893,C01893
CT01894,C01894
CT01895,C01895
CT01896,C01896
CT01897,C01897
CT01898,C01898
CT01899,C01899
CT01900,C01900
CT01901,C01901
CT01902,C01902
CT01903,C01903
CT01904,C01904
CT01905,C01905
CT01906,C01906
CT01907,C01907
CT01908,C01908
CT01909,C01909
CT01910,C01910
CT01911,C01911
CT01912,C01912
CT01913,C01913
CT01914,C01914
CT01915,C01915
CT01916,C01916
CT01917,C01917
CT01918,C01918
CT01919,C01919
CT01920,C01920
CT01921,C01921
CT01922,C01922
CT01923,C01923
CT01924,C01924
CT01925,C01925
CT01926,C01926
CT01927,C01927
CT01928,C01928
CT01929,C01929
CT01930,C01930
CT01931,C01931
CT01932,C01932
CT01933,C01933
CT01934,C01934
CT01935,C01935
CT01936,C01936
CT01937,C01937
CT01938,C01938
CT01939,C01939
CT01940,C01940
CT01941,C01941
CT01942,C01942
CT01943,C01943
CT01944,C01944
CT01945,C01945
CT01946,C01946
CT01947,C01947
CT01948,C01948
CT01949,C01949
CT01950,C01950
CT01951,C01951
CT01952,C01952
CT01953,C01953
CT01954,C01954
CT01955,C01955
CT01956,C01956
CT01957,C01957
CT01958,C01958
CT01959,C01959
CT01960,C01960
CT01961,C01961
CT01962,C01962
CT01963,C01963
CT01964,C01964
CT01965,C01965
CT01966,C01966
CT01967,C01967
CT01968,C01968
CT01969,C01969
CT01970,C01970
CT01971,C01971
CT01972,C01972
CT01973,C01973
CT01974,C01974
CT01975,C01975
CT01976,C01976
CT01977,C01977
CT01978,C01978
CT01979,C01979
CT01980,C01980
CT01981,C01981
CT01982,C01982
CT01983,C01983
CT01984,C01984
CT01985,C01985
CT01986,C01986
CT01987,C01987
CT01988,C01988
CT01989,C01989
CT01990,C01990
CT01991,C01991
CT01992,C01992
CT01993,C01993
CT01994,C01994
CT01995,C01995
CT01996,C01996
CT01997,C01997
CT01998,C01998
CT01999,C01999
CT02000,C02000
CT02001,C02001
CT02002,C02002
CT02003,C02003
CT02004,C02004
CT02005,C02005
CT02006,C02006
CT02007,C02007
CT02008,C02008
CT02009,C02009
CT02010,C02010
CT02011,C02011
CT02012,C02012
CT02013,C02013
CT02014,C02014
CT02015,C02015
CT02016,C02016
CT02017,C02017
CT02018,C02018
CT02019,C02019
CT02020,C02020
CT02021,C02021
CT02022,C02022
CT02023,C02023
CT02024,C02024
CT02025,C02025
CT02026,C02026
CT02027,C02027
CT02028,C02028
CT02029,C02029
CT02030,C02030
CT02031,C02031
CT02032,C02032
CT02033,C02033
CT02034,C02034
CT02035,C02035
CT02036,C02036
CT02037,C02037
CT02038,C02038
CT02039,C02039
CT02040,C02040
CT02041,C02041
CT02042,C02042
CT02043,C02043
CT02044,C02044
CT02045,C02045
CT02046,C02046
CT02047,C02047
CT02048,C02048
CT02049,C02049
CT02050,C02050
CT02051,C02051
CT02052,C02052
CT02053,C02053
CT02054,C02054
CT02055,C02055
CT02056,C02056
CT02057,C02057
CT02058,C02058
CT02059,C02059
CT02060,C02060
CT02061,C02061
CT02062,C02062
CT02063,C02063
CT02064,C02064
CT02065,C02065
CT02066,C02066
CT02067,C02067
CT02068,C02068
CT02069,C02069
CT02070,C02070
CT02071,C02071
CT02072,C02072
CT02073,C02073
CT02074,C02074
CT02075,C02075
CT02076,C02076
CT02077,C02077
CT02078,C02078
CT02079,C02079
CT02080,C02080
CT02081,C02081
CT02082,C02082
CT02083,C02083
CT02084,C02084
CT02085,C02085
CT02086,C02086
CT02087,C02087
CT02088,C02088
CT02089,C02089
CT02090,C02090
CT02091,C02091
CT02092,C02092
CT02093,C02093
CT02094,C02094
CT02095,C02095
CT02096,C02096
CT02097,C02097
CT02098,C02098
CT02099,C02099
CT02100,C02100
CT02101,C02101
CT02102,C02102
CT02103,C02103
CT02104,C02104
CT02105,C02105
CT02106,C02106
CT02107,C02107
CT02108,C02108
CT02109,C02109
CT02110,C02110
CT02111,C02111
CT02112,C02112
CT02113,C02113
CT02114,C02114
CT02115,C02115
CT02116,C02116
CT02117,C02117
CT02118,C02118
CT02119,C02119
CT02120,C02120
CT02121,C02121
CT02122,C02122
CT02123,C02123
CT02124,C02124
CT02125,C02125
CT02126,C02126
CT02127,C02127
CT02128,C02128
CT02129,C02129
CT02130,C02130
CT02131,C02131
CT02132,C02132
CT02133,C02133
CT02134,C02134
CT02135,C02135
CT02136,C02136
CT02137,C02137
CT02138,C02138
CT02139,C02139
CT02140,C02140
CT02141,C02141
CT02142,C02142
CT02143,C02143
CT02144,C02144
CT02145,C02145
CT02146,C02146
CT02147,C02147
CT02148,C02148
CT02149,C02149
CT02150,C02150
CT02151,C02151
CT02152,C02152
CT02153,C02153
CT02154,C02154
CT02155,C02155
CT02156,C02156
CT02157,C02157
CT02158,C02158
CT02159,C02159
CT02160,C02160
CT02161,C02161
CT02162,C02162
CT02163,C02163
CT02164,C02164
CT02165,C02165
CT02166,C02166
CT02167,C02167
CT02168,C02168
CT02169,C02169
CT02170,C02170
CT02171,C02171
CT02172,C02172
CT02173,C02173
CT02174,C02174
CT02175,C02175
CT02176,C02176
CT02177,C02177
CT02178,C02178
CT02179,C02179
CT02180,C02180
CT02181,C02181
CT02182,C02182
CT02183,C02183
CT02184,C02184
CT02185,C02185
CT02186,C02186
CT02187,C02187
CT02188,C02188
CT02189,C02189
CT02190,C02190
CT02191,C02191
CT02192,C02192
CT02193,C02193
CT02194,C02194
CT02195,C02195
CT02196,C02196
CT02197,C02197
CT02198,C02198
CT02199,C02199
CT02200,C02200
CT02201,C02201
CT02202,C02202
CT02203,C02203
CT02204,C02204
CT02205,C02205
CT02206,C02206
CT02207,C02207
CT02208,C02208
CT02209,C02209
CT02210,C02210
CT02211,C02211
CT02212,C02212
CT02213,C02213
CT02214,C02214
CT02215,C02215
CT02216,C02216
CT02217,C02217
CT02218,C02218
CT02219,C02219
CT02220,C02220
CT02221,C02221
CT02222,C02222
CT02223,C02223
CT02224,C02224
CT02225,C02225
CT02226,C02226
CT02227,C02227
CT02228,C02228
CT02229,C02229
CT02230,C02230
CT02231,C02231
CT02232,C02232
CT02233,C02233
CT02234,C02234
CT02235,C02235
CT02236,C02236
CT02237,C02237
CT02238,C02238
CT02239,C02239
CT02240,C02240
CT02241,C02241
CT02242,C02242
CT02243,C02243
CT02244,C02244
CT02245,C02245
CT02246,C02246
CT02247,C02247
CT02248,C02248
CT02249,C02249
CT02250,C02250
CT02251,C02251
CT02252,C02252
CT02253,C02253
CT02254,C02254
CT02255,C02255
CT02256,C02256
CT02257,C02257
CT02258,C02258
CT02259,C02259
CT02260,C02260
CT02261,C02261
CT02262,C02262
CT02263,C02263
CT02264,C02264
CT02265,C02265
CT02266,C02266
CT02267,C02267
CT02268,C02268
CT02269,C02269
CT02270,C02270
CT02271,C02271
CT02272,C02272
CT02273,C02273
CT02274,C02274
CT02275,C02275
CT02276,C02276
CT02277,C02277
CT02278,C02278
CT02279,C02279
CT02280,C02280
CT02281,C02281
CT02282,C02282
CT02283,C02283
CT02284,C02284
CT02285,C02285
CT02286,C02286
CT02287,C02287
CT02288,C02288
CT02289,C02289
CT02290,C02290
CT02291,C02291
CT02292,C02292
CT02293,C02293
CT02294,C02294
CT02295,C02295
CT02296,C02296
CT02297,C02297
CT02298,C02298
CT02299,C02299
CT02300,C02300
CT02301,C02301
CT02302,C02302
CT02303,C02303
CT02304,C02304
CT02305,C02305
CT02306,C02306
CT02307,C02307
CT02308,C02308
CT02309,C02309
CT02310,C02310
CT02311,C02311
CT02312,C02312
CT02313,C02313
CT02314,C02314
CT02315,C02315
CT02316,C02316
CT02317,C02317
CT02318,C02318
CT02319,C02319
CT02320,C02320
CT02321,C02321
CT02322,C02322
CT02323,C02323
CT02324,C02324
CT02325,C02325
CT02326,C02326
CT02327,C02327
CT02328,C02328
CT02329,C02329
CT02330,C02330
CT02331,C02331
CT02332,C02332
CT02333,C02333
CT02334,C02334
CT02335,C02335
CT02336,C02336
CT02337,C02337
CT02338,C02338
CT02339,C02339
CT02340,C02340
CT02341,C02341
CT02342,C02342
CT02343,C02343
CT02344,C02344
CT02345,C02345
CT02346,C02346
CT02347,C02347
CT02348,C02348
CT02349,C02349
CT02350,C02350
CT02351,C02351
CT02352,C02352
CT02353,C02353
CT02354,C02354
CT02355,C02355
CT02356,C02356
CT02357,C02357
CT02358,C02358
CT02359,C02359
CT02360,C02360
CT02361,C02361
CT02362,C02362
CT02363,C02363
CT02364,C02364
CT02365,C02365
CT02366,C02366
CT02367,C02367
CT02368,C02368
CT02369,C02369
CT02370,C02370
CT02371,C02371
CT02372,C02372
CT02373,C02373
CT02374,C02374
CT02375,C02375
CT02376,C02376
CT02377,C02377
CT02378,C02378
CT02379,C02379
CT02380,C02380
CT02381,C02381
CT02382,C02382
CT02383,C02383
CT02384,C02384
CT02385,C02385
CT02386,C02386
CT02387,C02387
CT02388,C02388
CT02389,C02389
CT02390,C02390
CT02391,C02391
CT02392,C02392
CT02393,C02393
CT02394,C02394
CT02395,C02395
CT02396,C02396
CT02397,C02397
CT02398,C02398
CT02399,C02399
CT02400,C02400
CT02401,C02401
CT02402,C02402
CT02403,C02403
CT02404,C02404
CT02405,C02405
CT02406,C02406
CT02407,C02407
CT02408,C02408
CT02409,C02409
CT02410,C02410
CT02411,C02411
CT02412,C02412
CT02413,C02413
CT02414,C02414
CT02415,C02415
CT02416,C02416
CT02417,C02417
CT02418,C02418
CT02419,C02419
CT02420,C02420
CT02421,C02421
CT02422,C02422
CT02423,C02423
CT02424,C02424
CT02425,C02425
CT02426,C02426
CT02427,C02427
CT02428,C02428
CT02429,C02429
CT02430,C02430
CT02431,C02431
CT02432,C02432
CT02433,C02433
CT02434,C02434
CT02435,C02435
CT02436,C02436
CT02437,C02437
CT02438,C02438
CT02439,C02439
CT02440,C02440
CT02441,C02441
CT02442,C02442
CT02443,C02443
CT02444,C02444
CT02445,C02445
CT02446,C02446
CT02447,C02447
CT02448,C02448
CT02449,C02449
CT02450,C02450
CT02451,C02451
CT02452,C02452
CT02453,C02453
CT02454,C02454
CT02455,C02455
CT02456,C02456
CT02457,C02457
CT02458,C02458
CT02459,C02459
CT02460,C02460
CT02461,C02461
CT02462,C02462
CT02463,C02463
CT02464,C02464
CT02465,C02465
CT02466,C02466
CT02467,C02467
CT02468,C02468
CT02469,C02469
CT02470,C02470
CT02471,C02471
CT02472,C02472
CT02473,C02473
CT02474,C02474
CT02475,C02475
CT02476,C02476
CT02477,C02477
CT02478,C02478
CT02479,C02479
CT02480,C02480
CT02481,C02481
CT02482,C02482
CT02483,C02483
CT02484,C02484
CT02485,C02485
CT02486,C02486
CT02487,C02487
CT02488,C02488
CT02489,C02489
CT02490,C02490
CT02491,C02491
CT02492,C02492
CT02493,C02493
CT02494,C02494
CT02495,C02495
CT02496,C02496
CT02497,C02497
CT02498,C02498
CT02499,C02499
CT02500,C02500
CT02501,C02501
CT02502,C02502
CT02503,C02503
CT02504,C02504
CT02505,C02505
CT02506,C02506
CT02507,C02507
CT02508,C02508
CT02509,C02509
CT02510,C02510
CT02511,C02511
CT02512,C02512
CT02513,C02513
CT02514,C02514
CT02515,C02515
CT02516,C02516
CT02517,C02517
CT02518,C02518
CT02519,C02519
CT02520,C02520
CT02521,C02521
CT02522,C02522
CT02523,C02523
CT02524,C02524
CT02525,C02525
CT02526,C02526
CT02527,C02527
CT02528,C02528
CT02529,C02529
CT02530,C02530
CT02531,C02531
CT02532,C02532
CT02533,C02533
CT02534,C02534
CT02535,C02535
CT02536,C02536
CT02537,C02537
CT02538,C02538
CT02539,C02539
CT02540,C02540
CT02541,C02541
CT02542,C02542
CT02543,C02543
CT02544,C02544
CT02545,C02545
CT02546,C02546
CT02547,C02547
CT02548,C02548
CT02549,C02549
CT02550,C02550
CT02551,C02551
CT02552,C02552
CT02553,C02553
CT02554,C02554
CT02555,C02555
CT02556,C02556
CT02557,C02557
CT02558,C02558
CT02559,C02559
CT02560,C02560
CT02561,C02561
CT02562,C02562
CT02563,C02563
CT02564,C02564
CT02565,C02565
CT02566,C02566
CT02567,C02567
CT02568,C02568
CT02569,C02569
CT02570,C02570
CT02571,C02571
CT02572,C02572
CT02573,C02573
CT02574,C02574
CT02575,C02575
CT02576,C02576
CT02577,C02577
CT02578,C02578
CT02579,C02579
CT02580,C02580
CT02581,C02581
CT02582,C02582
CT02583,C02583
CT02584,C02584
CT02585,C02585
CT02586,C02586
CT02587,C02587
CT02588,C02588
CT02589,C02589
CT02590,C02590
CT02591,C02591
CT02592,C02592
CT02593,C02593
CT02594,C02594
CT02595,C02595
CT02596,C02596
CT02597,C02597
CT02598,C02598
CT02599,C02599
CT02600,C02600
CT02601,C02601
CT02602,C02602
CT02603,C02603
CT02604,C02604
CT02605,C02605
CT02606,C02606
CT02607,C02607
CT02608,C02608
CT02609,C02609
CT02610,C02610
CT02611,C02611
CT02612,C02612
CT02613,C02613
CT02614,C02614
CT02615,C02615
CT02616,C02616
CT02617,C02617
CT02618,C02618
CT02619,C02619
CT02620,C02620
CT02621,C02621
CT02622,C02622
CT02623,C02623
CT02624,C02624
CT02625,C02625
CT02626,C02626
CT02627,C02627
CT02628,C02628
CT02629,C02629
CT02630,C02630
CT02631,C02631
CT02632,C02632
CT02633,C02633
CT02634,C02634
CT02635,C02635
CT02636,C02636
CT02637,C02637
CT02638,C02638
CT02639,C02639
CT02640,C02640
CT02641,C02641
CT02642,C02642
CT02643,C02643
CT02644,C02644
CT02645,C02645
CT02646,C02646
CT02647,C02647
CT02648,C02648
CT02649,C02649
CT02650,C02650
CT02651,C02651
CT02652,C02652
CT02653,C02653
CT02654,C02654
CT02655,C02655
CT02656,C02656
CT02657,C02657
CT02658,C02658
CT02659,C02659
CT02660,C02660
CT02661,C02661
CT02662,C02662
CT02663,C02663
CT02664,C02664
CT02665,C02665
CT02666,C02666
CT02667,C02667
CT02668,C02668
CT02669,C02669
CT02670,C02670
CT02671,C02671
CT02672,C02672
CT02673,C02673
CT02674,C02674
CT02675,C02675
CT02676,C02676
CT02677,C02677
CT02678,C02678
CT02679,C02679
CT02680,C02680
CT02681,C02681
CT02682,C02682
CT02683,C02683
CT02684,C02684
CT02685,C02685
CT02686,C02686
CT02687,C02687
CT02688,C02688
CT02689,C02689
CT02690,C02690
CT02691,C02691
CT02692,C02692
CT02693,C02693
CT02694,C02694
CT02695,C02695
CT02696,C02696
CT02697,C02697
CT02698,C02698
CT02699,C02699
CT02700,C02700
CT02701,C02701
CT02702,C02702
CT02703,C02703
CT02704,C02704
CT02705,C02705
CT02706,C02706
CT02707,C02707
CT02708,C02708
CT02709,C02709
CT02710,C02710
CT02711,C02711
CT02712,C02712
CT02713,C02713
CT02714,C02714
CT02715,C02715
CT02716,C02716
CT02717,C02717
CT02718,C02718
CT02719,C02719
CT02720,C02720
CT02721,C02721
CT02722,C02722
CT02723,C02723
CT02724,C02724
CT02725,C02725
CT02726,C02726
CT02727,C02727
CT02728,C02728
CT02729,C02729
CT02730,C02730
CT02731,C02731
CT02732,C02732
CT02733,C02733
CT02734,C02734
CT02735,C02735
CT02736,C02736
CT02737,C02737
CT02738,C02738
CT02739,C02739
CT02740,C02740
CT02741,C02741
CT02742,C02742
CT02743,C02743
CT02744,C02744
CT02745,C02745
CT02746,C02746
CT02747,C02747
CT02748,C02748
CT02749,C02749
CT02750,C02750
CT02751,C02751
CT02752,C02752
CT02753,C02753
CT02754,C02754
CT02755,C02755
CT02756,C02756
CT02757,C02757
CT02758,C02758
CT02759,C02759
CT02760,C02760
CT02761,C02761
CT02762,C02762
CT02763,C02763
CT02764,C02764
CT02765,C02765
CT02766,C02766
CT02767,C02767
CT02768,C02768
CT02769,C02769
CT02770,C02770
CT02771,C02771
CT02772,C02772
CT02773,C02773
CT02774,C02774
CT02775,C02775
CT02776,C02776
CT02777,C02777
CT02778,C02778
CT02779,C02779
CT02780,C02780
CT02781,C02781
CT02782,C02782
CT02783,C02783
CT02784,C02784
CT02785,C02785
CT02786,C02786
CT02787,C02787
CT02788,C02788
CT02789,C02789
CT02790,C02790
CT02791,C02791
CT02792,C02792
CT02793,C02793
CT02794,C02794
CT02795,C02795
CT02796,C02796
CT02797,C02797
CT02798,C02798
CT02799,C02799
CT02800,C02800
CT02801,C02801
CT02802,C02802
CT02803,C02803
CT02804,C02804
CT02805,C02805
CT02806,C02806
CT02807,C02807
CT02808,C02808
CT02809,C02809
CT02810,C02810
CT02811,C02811
CT02812,C02812
CT02813,C02813
CT02814,C02814
CT02815,C02815
CT02816,C02816
CT02817,C02817
CT02818,C02818
CT02819,C02819
CT02820,C02820
CT02821,C02821
CT02822,C02822
CT02823,C02823
CT02824,C02824
CT02825,C02825
CT02826,C02826
CT02827,C02827
CT02828,C02828
CT02829,C02829
CT02830,C02830
CT02831,C02831
CT02832,C02832
CT02833,C02833
CT02834,C02834
CT02835,C02835
CT02836,C02836
CT02837,C02837
CT02838,C02838
CT02839,C02839
CT02840,C02840
CT02841,C02841
CT02842,C02842
CT02843,C02843
CT02844,C02844
CT02845,C02845
CT02846,C02846
CT02847,C02847
CT02848,C02848
CT02849,C02849
CT02850,C02850
CT02851,C02851
CT02852,C02852
CT02853,C02853
CT02854,C02854
CT02855,C02855
CT02856,C02856
CT02857,C02857
CT02858,C02858
CT02859,C02859
CT02860,C02860
CT02861,C02861
CT02862,C02862
CT02863,C02863
CT02864,C02864
CT02865,C02865
CT02866,C02866
CT02867,C02867
CT02868,C02868
CT02869,C02869
CT02870,C02870
CT02871,C02871
CT02872,C02872
CT02873,C02873
CT02874,C02874
CT02875,C02875
CT02876,C02876
CT02877,C02877
CT02878,C02878
CT02879,C02879
CT02880,C02880
CT02881,C02881
CT02882,C02882
CT02883,C02883
CT02884,C02884
CT02885,C02885
CT02886,C02886
CT02887,C02887
CT02888,C02888
CT02889,C02889
CT02890,C02890
CT02891,C02891
CT02892,C02892
CT02893,C02893
CT02894,C02894
CT02895,C02895
CT02896,C02896
CT02897,C02897
CT02898,C02898
CT02899,C02899
CT02900,C02900
CT02901,C02901
CT02902,C02902
CT02903,C02903
CT02904,C02904
CT02905,C02905
CT02906,C02906
CT02907,C02907
CT02908,C02908
CT02909,C02909
CT02910,C02910
CT02911,C02911
CT02912,C02912
CT02913,C02913
CT02914,C02914
CT02915,C02915
CT02916,C02916
CT02917,C02917
CT02918,C02918
CT02919,C02919
CT02920,C02920
CT02921,C02921
CT02922,C02922
CT02923,C02923
CT02924,C02924
CT02925,C02925
CT02926,C02926
CT02927,C02927
CT02928,C02928
CT02929,C02929
CT02930,C02930
CT02931,C02931
CT02932,C02932
CT02933,C02933
CT02934,C02934
CT02935,C02935
CT02936,C02936
CT02937,C02937
CT02938,C02938
CT02939,C02939
CT02940,C02940
CT02941,C02941
CT02942,C02942
CT02943,C02943
CT02944,C02944
CT02945,C02945
CT02946,C02946
CT02947,C02947
CT02948,C02948
CT02949,C02949
CT02950,C02950
CT02951,C02951
CT02952,C02952
CT02953,C02953
CT02954,C02954
CT02955,C02955
CT02956,C02956
CT02957,C02957
CT02958,C02958
CT02959,C02959
CT02960,C02960
CT02961,C02961
CT02962,C02962
CT02963,C02963
CT02964,C02964
CT02965,C02965
CT02966,C02966
CT02967,C02967
CT02968,C02968
CT02969,C02969
CT02970,C02970
CT02971,C02971
CT02972,C02972
CT02973,C02973
CT02974,C02974
CT02975,C02975
CT02976,C02976
CT02977,C02977
CT02978,C02978
CT02979,C02979
CT02980,C02980
CT02981,C02981
CT02982,C02982
CT02983,C02983
CT02984,C02984
CT02985,C02985
CT02986,C02986
CT02987,C02987
CT02988,C02988
CT02989,C02989
CT02990,C02990
CT02991,C02991
CT02992,C02992
CT02993,C02993
CT02994,C02994
CT02995,C02995
CT02996,C02996
CT02997,C02997
CT02998,C02998
CT02999,C02999
CT03000,C03000
CT03001,C03001
CT03002,C03002
CT03003,C03003
CT03004,C03004
CT03005,C03005
CT03006,C03006
CT03007,C03007
CT03008,C03008
CT03009,C03009
CT03010,C03010
CT03011,C03011
CT03012,C03012
CT03013,C03013
CT03014,C03014
CT03015,C03015
CT03016,C03016
CT03017,C03017
CT03018,C03018
CT03019,C03019
CT03020,C03020
CT03021,C03021
CT03022,C03022
CT03023,C03023
CT03024,C03024
CT03025,C03025
CT03026,C03026
CT03027,C03027
CT03028,C03028
CT03029,C03029
CT03030,C03030
CT03031,C03031
CT03032,C03032
CT03033,C03033
CT03034,C03034
CT03035,C03035
CT03036,C03036
CT03037,C03037
CT03038,C03038
CT03039,C03039
CT03040,C03040
CT03041,C03041
CT03042,C03042
CT03043,C03043
CT03044,C03044
CT03045,C03045
CT03046,C03046
CT03047,C03047
CT03048,C03048
CT03049,C03049
CT03050,C03050
CT03051,C03051
CT03052,C03052
CT03053,C03053
CT03054,C03054
CT03055,C03055
CT03056,C03056
CT03057,C03057
CT03058,C03058
CT03059,C03059
CT03060,C03060
CT03061,C03061
CT03062,C03062
CT03063,C03063
CT03064,C03064
CT03065,C03065
CT03066,C03066
CT03067,C03067
CT03068,C03068
CT03069,C03069
CT03070,C03070
CT03071,C03071
CT03072,C03072
CT03073,C03073
CT03074,C03074
CT03075,C03075
CT03076,C03076
CT03077,C03077
CT03078,C03078
CT03079,C03079
CT03080,C03080
CT03081,C03081
CT03082,C03082
CT03083,C03083
CT03084,C03084
CT03085,C03085
CT03086,C03086
CT03087,C03087
CT03088,C03088
CT03089,C03089
CT03090,C03090
CT03091,C03091
CT03092,C03092
CT03093,C03093
CT03094,C03094
CT03095,C03095
CT03096,C03096
CT03097,C03097
CT03098,C03098
CT03099,C03099
CT03100,C03100
CT03101,C03101
CT03102,C03102
CT03103,C03103
CT03104,C03104
CT03105,C03105
CT03106,C03106
CT03107,C03107
CT03108,C03108
CT03109,C03109
CT03110,C03110
CT03111,C03111
CT03112,C03112
CT03113,C03113
CT03114,C03114
CT03115,C03115
CT03116,C03116
CT03117,C03117
CT03118,C03118
CT03119,C03119
CT03120,C03120
CT03121,C03121
CT03122,C03122
CT03123,C03123
CT03124,C03124
CT03125,C03125
CT03126,C03126
CT03127,C03127
CT03128,C03128
CT03129,C03129
CT03130,C03130
CT03131,C03131
CT03132,C03132
CT03133,C03133
CT03134,C03134
CT03135,C03135
CT03136,C03136
CT03137,C03137
CT03138,C03138
CT03139,C03139
CT03140,C03140
CT03141,C03141
CT03142,C03142
CT03143,C03143
CT03144,C03144
CT03145,C03145
CT03146,C03146
CT03147,C03147
CT03148,C03148
CT03149,C03149
CT03150,C03150
CT03151,C03151
CT03152,C03152
CT03153,C03153
CT03154,C03154
CT03155,C03155
CT03156,C03156
CT03157,C03157
CT03158,C03158
CT03159,C03159
CT03160,C03160
CT03161,C03161
CT03162,C03162
CT03163,C03163
CT03164,C03164
CT03165,C03165
CT03166,C03166
CT03167,C03167
CT03168,C03168
CT03169,C03169
CT03170,C03170
CT03171,C03171
CT03172,C03172
CT03173,C03173
CT03174,C03174
CT03175,C03175
CT03176,C03176
CT03177,C03177
CT03178,C03178
CT03179,C03179
CT03180,C03180
CT03181,C03181
CT03182,C03182
CT03183,C03183
CT03184,C03184
CT03185,C03185
CT03186,C03186
CT03187,C03187
CT03188,C03188
CT03189,C03189
CT03190,C03190
CT03191,C03191
CT03192,C03192
CT03193,C03193
CT03194,C03194
CT03195,C03195
CT03196,C03196
CT03197,C03197
CT03198,C03198
CT03199,C03199
CT03200,C03200
CT03201,C03201
CT03202,C03202
CT03203,C03203
CT03204,C03204
CT03205,C03205
CT03206,C03206
CT03207,C03207
CT03208,C03208
CT03209,C03209
CT03210,C03210
CT03211,C03211
CT03212,C03212
CT03213,C03213
CT03214,C03214
CT03215,C03215
CT03216,C03216
CT03217,C03217
CT03218,C03218
CT03219,C03219
CT03220,C03220
CT03221,C03221
CT03222,C03222
CT03223,C03223
CT03224,C03224
CT03225,C03225
CT03226,C03226
CT03227,C03227
CT03228,C03228
CT03229,C03229
CT03230,C03230
CT03231,C03231
CT03232,C03232
CT03233,C03233
CT03234,C03234
CT03235,C03235
CT03236,C03236
CT03237,C03237
CT03238,C03238
CT03239,C03239
CT03240,C03240
CT03241,C03241
CT03242,C03242
CT03243,C03243
CT03244,C03244
CT03245,C03245
CT03246,C03246
CT03247,C03247
CT03248,C03248
CT03249,C03249
CT03250,C03250
CT03251,C03251
CT03252,C03252
CT03253,C03253
CT03254,C03254
CT03255,C03255
CT03256,C03256
CT03257,C03257
CT03258,C03258
CT03259,C03259
CT03260,C03260
CT03261,C03261
CT03262,C03262
CT03263,C03263
CT03264,C03264
CT03265,C03265
CT03266,C03266
CT03267,C03267
CT03268,C03268
CT03269,C03269
CT03270,C03270
CT03271,C03271
CT03272,C03272
CT03273,C03273
CT03274,C03274
CT03275,C03275
CT03276,C03276
CT03277,C03277
CT03278,C03278
CT03279,C03279
CT03280,C03280
CT03281,C03281
CT03282,C03282
CT03283,C03283
CT03284,C03284
CT03285,C03285
CT03286,C03286
CT03287,C03287
CT03288,C03288
CT03289,C03289
CT03290,C03290
CT03291,C03291
CT03292,C03292
CT03293,C03293
CT03294,C03294
CT03295,C03295
CT03296,C03296
CT03297,C03297
CT03298,C03298
CT03299,C03299
CT03300,C03300
CT03301,C03301
CT03302,C03302
CT03303,C03303
CT03304,C03304
CT03305,C03305
CT03306,C03306
CT03307,C03307
CT03308,C03308
CT03309,C03309
CT03310,C03310
CT03311,C03311
CT03312,C03312
CT03313,C03313
CT03314,C03314
CT03315,C03315
CT03316,C03316
CT03317,C03317
CT03318,C03318
CT03319,C03319
CT03320,C03320
CT03321,C03321
CT03322,C03322
CT03323,C03323
CT03324,C03324
CT03325,C03325
CT03326,C03326
CT03327,C03327
CT03328,C03328
CT03329,C03329
CT03330,C03330
CT03331,C03331
CT03332,C03332
CT03333,C03333
CT03334,C03334
CT03335,C03335
CT03336,C03336
CT03337,C03337
CT03338,C03338
CT03339,C03339
CT03340,C03340
CT03341,C03341
CT03342,C03342
CT03343,C03343
CT03344,C03344
CT03345,C03345
CT03346,C03346
CT03347,C03347
CT03348,C03348
CT03349,C03349
CT03350,C03350
CT03351,C03351
CT03352,C03352
CT03353,C03353
CT03354,C03354
CT03355,C03355
CT03356,C03356
CT03357,C03357
CT03358,C03358
CT03359,C03359
CT03360,C03360
CT03361,C03361
CT03362,C03362
CT03363,C03363
CT03364,C03364
CT03365,C03365
CT03366,C03366
CT03367,C03367
CT03368,C03368
CT03369,C03369
CT03370,C03370
CT03371,C03371
CT03372,C03372
CT03373,C03373
CT03374,C03374
CT03375,C03375
CT03376,C03376
CT03377,C03377
CT03378,C03378
CT03379,C03379
CT03380,C03380
CT03381,C03381
CT03382,C03382
CT03383,C03383
CT03384,C03384
CT03385,C03385
CT03386,C03386
CT03387,C03387
CT03388,C03388
CT03389,C03389
CT03390,C03390
CT03391,C03391
CT03392,C03392
CT03393,C03393
CT03394,C03394
CT03395,C03395
CT03396,C03396
CT03397,C03397
CT03398,C03398
CT03399,C03399
CT03400,C03400
CT03401,C03401
CT03402,C03402
CT03403,C03403
CT03404,C03404
CT03405,C03405
CT03406,C03406
CT03407,C03407
CT03408,C03408
CT03409,C03409
CT03410,C03410
CT03411,C03411
CT03412,C03412
CT03413,C03413
CT03414,C03414
CT03415,C03415
CT03416,C03416
CT03417,C03417
CT03418,C03418
CT03419,C03419
CT03420,C03420
CT03421,C03421
CT03422,C03422
CT03423,C03423
CT03424,C03424
CT03425,C03425
CT03426,C03426
CT03427,C03427
CT03428,C03428
CT03429,C03429
CT03430,C03430
CT03431,C03431
CT03432,C03432
CT03433,C03433
CT03434,C03434
CT03435,C03435
CT03436,C03436
CT03437,C03437
CT03438,C03438
CT03439,C03439
CT03440,C03440
CT03441,C03441
CT03442,C03442
CT03443,C03443
CT03444,C03444
CT03445,C03445
CT03446,C03446
CT03447,C03447
CT03448,C03448
CT03449,C03449
CT03450,C03450
CT03451,C03451
CT03452,C03452
CT03453,C03453
CT03454,C03454
CT03455,C03455
CT03456,C03456
CT03457,C03457
CT03458,C03458
CT03459,C03459
CT03460,C03460
CT03461,C03461
CT03462,C03462
CT03463,C03463
CT03464,C03464
CT03465,C03465
CT03466,C03466
CT03467,C03467
CT03468,C03468
CT03469,C03469
CT03470,C03470
CT03471,C03471
CT03472,C03472
CT03473,C03473
CT03474,C03474
CT03475,C03475
CT03476,C03476
CT03477,C03477
CT03478,C03478
CT03479,C03479
CT03480,C03480
CT03481,C03481
CT03482,C03482
CT03483,C03483
CT03484,C03484
CT03485,C03485
CT03486,C03486
CT03487,C03487
CT03488,C03488
CT03489,C03489
CT03490,C03490
CT03491,C03491
CT03492,C03492
CT03493,C03493
CT03494,C03494
CT03495,C03495
CT03496,C03496
CT03497,C03497
CT03498,C03498
CT03499,C03499
CT03500,C03500
CT03501,C03501
CT03502,C03502
CT03503,C03503
CT03504,C03504
CT03505,C03505
CT03506,C03506
CT03507,C03507
CT03508,C03508
CT03509,C03509
CT03510,C03510
CT03511,C03511
CT03512,C03512
CT03513,C03513
CT03514,C03514
CT03515,C03515
CT03516,C03516
CT03517,C03517
CT03518,C03518
CT03519,C03519
CT03520,C03520
CT03521,C03521
CT03522,C03522
CT03523,C03523
CT03524,C03524
CT03525,C03525
CT03526,C03526
CT03527,C03527
CT03528,C03528
CT03529,C03529
CT03530,C03530
CT03531,C03531
CT03532,C03532
CT03533,C03533
CT03534,C03534
CT03535,C03535
CT03536,C03536
CT03537,C03537
CT03538,C03538
CT03539,C03539
CT03540,C03540
CT03541,C03541
CT03542,C03542
CT03543,C03543
CT03544,C03544
CT03545,C03545
CT03546,C03546
CT03547,C03547
CT03548,C03548
CT03549,C03549
CT03550,C03550
CT03551,C03551
CT03552,C03552
CT03553,C03553
CT03554,C03554
CT03555,C03555
CT03556,C03556
CT03557,C03557
CT03558,C03558
CT03559,C03559
CT03560,C03560
CT03561,C03561
CT03562,C03562
CT03563,C03563
CT03564,C03564
CT03565,C03565
CT03566,C03566
CT03567,C03567
CT03568,C03568
CT03569,C03569
CT03570,C03570
CT03571,C03571
CT03572,C03572
CT03573,C03573
CT03574,C03574
CT03575,C03575
CT03576,C03576
CT03577,C03577
CT03578,C03578
CT03579,C03579
CT03580,C03580
CT03581,C03581
CT03582,C03582
CT03583,C03583
CT03584,C03584
CT03585,C03585
CT03586,C03586
CT03587,C03587
CT03588,C03588
CT03589,C03589
CT03590,C03590
CT03591,C03591
CT03592,C03592
CT03593,C03593
CT03594,C03594
CT03595,C03595
CT03596,C03596
CT03597,C03597
CT03598,C03598
CT03599,C03599
CT03600,C03600
CT03601,C03601
CT03602,C03602
CT03603,C03603
CT03604,C03604
CT03605,C03605
CT03606,C03606
CT03607,C03607
CT03608,C03608
CT03609,C03609
CT03610,C03610
CT03611,C03611
CT03612,C03612
CT03613,C03613
CT03614,C03614
CT03615,C03615
CT03616,C03616
CT03617,C03617
CT03618,C03618
CT03619,C03619
CT03620,C03620
CT03621,C03621
CT03622,C03622
CT03623,C03623
CT03624,C03624
CT03625,C03625
CT03626,C03626
CT03627,C03627
CT03628,C03628
CT03629,C03629
CT03630,C03630
CT03631,C03631
CT03632,C03632
CT03633,C03633
CT03634,C03634
CT03635,C03635
CT03636,C03636
CT03637,C03637
CT03638,C03638
CT03639,C03639
CT03640,C03640
CT03641,C03641
CT03642,C03642
CT03643,C03643
CT03644,C03644
CT03645,C03645
CT03646,C03646
CT03647,C03647
CT03648,C03648
CT03649,C03649
CT03650,C03650
CT03651,C03651
CT03652,C03652
CT03653,C03653
CT03654,C03654
CT03655,C03655
CT03656,C03656
CT03657,C03657
CT03658,C03658
CT03659,C03659
CT03660,C03660
CT03661,C03661
CT03662,C03662
CT03663,C03663
CT03664,C03664
CT03665,C03665
CT03666,C03666
CT03667,C03667
CT03668,C03668
CT03669,C03669
CT03670,C03670
CT03671,C03671
CT03672,C03672
CT03673,C03673
CT03674,C03674
CT03675,C03675
CT03676,C03676
CT03677,C03677
CT03678,C03678
CT03679,C03679
CT03680,C03680
CT03681,C03681
CT03682,C03682
CT03683,C03683
CT03684,C03684
CT03685,C03685
CT03686,C03686
CT03687,C03687
CT03688,C03688
CT03689,C03689
CT03690,C03690
CT03691,C03691
CT03692,C03692
CT03693,C03693
CT03694,C03694
CT03695,C03695
CT03696,C03696
CT03697,C03697
CT03698,C03698
CT03699,C03699
CT03700,C03700
CT03701,C03701
CT03702,C03702
CT03703,C03703
CT03704,C03704
CT03705,C03705
CT03706,C03706
CT03707,C03707
CT03708,C03708
CT03709,C03709
CT03710,C03710
CT03711,C03711
CT03712,C03712
CT03713,C03713
CT03714,C03714
CT03715,C03715
CT03716,C03716
CT03717,C03717
CT03718,C03718
CT03719,C03719
CT03720,C03720
CT03721,C03721
CT03722,C03722
CT03723,C03723
CT03724,C03724
CT03725,C03725
CT03726,C03726
CT03727,C03727
CT03728,C03728
CT03729,C03729
CT03730,C03730
CT03731,C03731
CT03732,C03732
CT03733,C03733
CT03734,C03734
CT03735,C03735
CT03736,C03736
CT03737,C03737
CT03738,C03738
CT03739,C03739
CT03740,C03740
CT03741,C03741
CT03742,C03742
CT03743,C03743
CT03744,C03744
CT03745,C03745
CT03746,C03746
CT03747,C03747
CT03748,C03748
CT03749,C03749
CT03750,C03750
CT03751,C03751
CT03752,C03752
CT03753,C03753
CT03754,C03754
CT03755,C03755
CT03756,C03756
CT03757,C03757
CT03758,C03758
CT03759,C03759
CT03760,C03760
CT03761,C03761
CT03762,C03762
CT03763,C03763
CT03764,C03764
CT03765,C03765
CT03766,C03766
CT03767,C03767
CT03768,C03768
CT03769,C03769
CT03770,C03770
CT03771,C03771
CT03772,C03772
CT03773,C03773
CT03774,C03774
CT03775,C03775
CT03776,C03776
CT03777,C03777
CT03778,C03778
CT03779,C03779
CT03780,C03780
CT03781,C03781
CT03782,C03782
CT03783,C03783
CT03784,C03784
CT03785,C03785
CT03786,C03786
CT03787,C03787
CT03788,C03788
CT03789,C03789
CT03790,C03790
CT03791,C03791
CT03792,C03792
CT03793,C03793
CT03794,C03794
CT03795,C03795
CT03796,C03796
CT03797,C03797
CT03798,C03798
CT03799,C03799
CT03800,C03800
CT03801,C03801
CT03802,C03802
CT03803,C03803
CT03804,C03804
CT03805,C03805
CT03806,C03806
CT03807,C03807
CT03808,C03808
CT03809,C03809
CT03810,C03810
CT03811,C03811
CT03812,C03812
CT03813,C03813
CT03814,C03814
CT03815,C03815
CT03816,C03816
CT03817,C03817
CT03818,C03818
CT03819,C03819
CT03820,C03820
CT03821,C03821
CT03822,C03822
CT03823,C03823
CT03824,C03824
CT03825,C03825
CT03826,C03826
CT03827,C03827
CT03828,C03828
CT03829,C03829
CT03830,C03830
CT03831,C03831
CT03832,C03832
CT03833,C03833
CT03834,C03834
CT03835,C03835
CT03836,C03836
CT03837,C03837
CT03838,C03838
CT03839,C03839
CT03840,C03840
CT03841,C03841
CT03842,C03842
CT03843,C03843
CT03844,C03844
CT03845,C03845
CT03846,C03846
CT03847,C03847
CT03848,C03848
CT03849,C03849
CT03850,C03850
CT03851,C03851
CT03852,C03852
CT03853,C03853
CT03854,C03854
CT03855,C03855
CT03856,C03856
CT03857,C03857
CT03858,C03858
CT03859,C03859
CT03860,C03860
CT03861,C03861
CT03862,C03862
CT03863,C03863
CT03864,C03864
CT03865,C03865
CT03866,C03866
CT03867,C03867
CT03868,C03868
CT03869,C03869
CT03870,C03870
CT03871,C03871
CT03872,C03872
CT03873,C03873
CT03874,C03874
CT03875,C03875
CT03876,C03876
CT03877,C03877
CT03878,C03878
CT03879,C03879
CT03880,C03880
CT03881,C03881
CT03882,C03882
CT03883,C03883
CT03884,C03884
CT03885,C03885
CT03886,C03886
CT03887,C03887
CT03888,C03888
CT03889,C03889
CT03890,C03890
CT03891,C03891
CT03892,C03892
CT03893,C03893
CT03894,C03894
CT03895,C03895
CT03896,C03896
CT03897,C03897
CT03898,C03898
CT03899,C03899
CT03900,C03900
CT03901,C03901
CT03902,C03902
CT03903,C03903
CT03904,C03904
CT03905,C03905
CT03906,C03906
CT03907,C03907
CT03908,C03908
CT03909,C03909
CT03910,C03910
CT03911,C03911
CT03912,C03912
CT03913,C03913
CT03914,C03914
CT03915,C03915
CT03916,C03916
CT03917,C03917
CT03918,C03918
CT03919,C03919
CT03920,C03920
CT03921,C03921
CT03922,C03922
CT03923,C03923
CT03924,C03924
CT03925,C03925
CT03926,C03926
CT03927,C03927
CT03928,C03928
CT03929,C03929
CT03930,C03930
CT03931,C03931
CT03932,C03932
CT03933,C03933
CT03934,C03934
CT03935,C03935
CT03936,C03936
CT03937,C03937
CT03938,C03938
CT03939,C03939
CT03940,C03940
CT03941,C03941
CT03942,C03942
CT03943,C03943
CT03944,C03944
CT03945,C03945
CT03946,C03946
CT03947,C03947
CT03948,C03948
CT03949,C03949
CT03950,C03950
CT03951,C03951
CT03952,C03952
CT03953,C03953
CT03954,C03954
CT03955,C03955
CT03956,C03956
CT03957,C03957
CT03958,C03958
CT03959,C03959
CT03960,C03960
CT03961,C03961
CT03962,C03962
CT03963,C03963
CT03964,C03964
CT03965,C03965
CT03966,C03966
CT03967,C03967
CT03968,C03968
CT03969,C03969
CT03970,C03970
CT03971,C03971
CT03972,C03972
CT03973,C03973
CT03974,C03974
CT03975,C03975
CT03976,C03976
CT03977,C03977
CT03978,C03978
CT03979,C03979
CT03980,C03980
CT03981,C03981
CT03982,C03982
CT03983,C03983
CT03984,C03984
CT03985,C03985
CT03986,C03986
CT03987,C03987
CT03988,C03988
CT03989,C03989
CT03990,C03990
CT03991,C03991
CT03992,C03992
CT03993,C03993
CT03994,C03994
CT03995,C03995
CT03996,C03996
CT03997,C03997
CT03998,C03998
CT03999,C03999
CT04000,C04000
CT04001,C04001
CT04002,C04002
CT04003,C04003
CT04004,C04004
CT04005,C04005
CT04006,C04006
CT04007,C04007
CT04008,C04008
CT04009,C04009
CT04010,C04010
CT04011,C04011
CT04012,C04012
CT04013,C04013
CT04014,C04014
CT04015,C04015
CT04016,C04016
CT04017,C04017
CT04018,C04018
CT04019,C04019
CT04020,C04020
CT04021,C04021
CT04022,C04022
CT04023,C04023
CT04024,C04024
CT04025,C04025
CT04026,C04026
CT04027,C04027
CT04028,C04028
CT04029,C04029
CT04030,C04030
CT04031,C04031
CT04032,C04032
CT04033,C04033
CT04034,C04034
CT04035,C04035
CT04036,C04036
CT04037,C04037
CT04038,C04038
CT04039,C04039
CT04040,C04040
CT04041,C04041
CT04042,C04042
CT04043,C04043
CT04044,C04044
CT04045,C04045
CT04046,C04046
CT04047,C04047
CT04048,C04048
CT04049,C04049
CT04050,C04050
CT04051,C04051
CT04052,C04052
CT04053,C04053
CT04054,C04054
CT04055,C04055
CT04056,C04056
CT04057,C04057
CT04058,C04058
CT04059,C04059
CT04060,C04060
CT04061,C04061
CT04062,C04062
CT04063,C04063
CT04064,C04064
CT04065,C04065
CT04066,C04066
CT04067,C04067
CT04068,C04068
CT04069,C04069
CT04070,C04070
CT04071,C04071
CT04072,C04072
CT04073,C04073
CT04074,C04074
CT04075,C04075
CT04076,C04076
CT04077,C04077
CT04078,C04078
CT04079,C04079
CT04080,C04080
CT04081,C04081
CT04082,C04082
CT04083,C04083
CT04084,C04084
CT04085,C04085
CT04086,C04086
CT04087,C04087
CT04088,C04088
CT04089,C04089
CT04090,C04090
CT04091,C04091
CT04092,C04092
CT04093,C04093
CT04094,C04094
CT04095,C04095
CT04096,C04096
CT04097,C04097
CT04098,C04098
CT04099,C04099
CT04100,C04100
CT04101,C04101
CT04102,C04102
CT04103,C04103
CT04104,C04104
CT04105,C04105
CT04106,C04106
CT04107,C04107
CT04108,C04108
CT04109,C04109
CT04110,C04110
CT04111,C04111
CT04112,C04112
CT04113,C04113
CT04114,C04114
CT04115,C04115
CT04116,C04116
CT04117,C04117
CT04118,C04118
CT04119,C04119
CT04120,C04120
CT04121,C04121
CT04122,C04122
CT04123,C04123
CT04124,C04124
CT04125,C04125
CT04126,C04126
CT04127,C04127
CT04128,C04128
CT04129,C04129
CT04130,C04130
CT04131,C04131
CT04132,C04132
CT04133,C04133
CT04134,C04134
CT04135,C04135
CT04136,C04136
CT04137,C04137
CT04138,C04138
CT04139,C04139
CT04140,C04140
CT04141,C04141
CT04142,C04142
CT04143,C04143
CT04144,C04144
CT04145,C04145
CT04146,C04146
CT04147,C04147
CT04148,C04148
CT04149,C04149
CT04150,C04150
CT04151,C04151
CT04152,C04152
CT04153,C04153
CT04154,C04154
CT04155,C04155
CT04156,C04156
CT04157,C04157
CT04158,C04158
CT04159,C04159
CT04160,C04160
CT04161,C04161
CT04162,C04162
CT04163,C04163
CT04164,C04164
CT04165,C04165
CT04166,C04166
CT04167,C04167
CT04168,C04168
CT04169,C04169
CT04170,C04170
CT04171,C04171
CT04172,C04172
CT04173,C04173
CT04174,C04174
CT04175,C04175
CT04176,C04176
CT04177,C04177
CT04178,C04178
CT04179,C04179
CT04180,C04180
CT04181,C04181
CT04182,C04182
CT04183,C04183
CT04184,C04184
CT04185,C04185
CT04186,C04186
CT04187,C04187
CT04188,C04188
CT04189,C04189
CT04190,C04190
CT04191,C04191
CT04192,C04192
CT04193,C04193
CT04194,C04194
CT04195,C04195
CT04196,C04196
CT04197,C04197
CT04198,C04198
CT04199,C04199
CT04200,C04200
CT04201,C04201
CT04202,C04202
CT04203,C04203
CT04204,C04204
CT04205,C04205
CT04206,C04206
CT04207,C04207
CT04208,C04208
CT04209,C04209
CT04210,C04210
CT04211,C04211
CT04212,C04212
CT04213,C04213
CT04214,C04214
CT04215,C04215
CT04216,C04216
CT04217,C04217
CT04218,C04218
CT04219,C04219
CT04220,C04220
CT04221,C04221
CT04222,C04222
CT04223,C04223
CT04224,C04224
CT04225,C04225
CT04226,C04226
CT04227,C04227
CT04228,C04228
CT04229,C04229
CT04230,C04230
CT04231,C04231
CT04232,C04232
CT04233,C04233
CT04234,C04234
CT04235,C04235
CT04236,C04236
CT04237,C04237
CT04238,C04238
CT04239,C04239
CT04240,C04240
CT04241,C04241
CT04242,C04242
CT04243,C04243
CT04244,C04244
CT04245,C04245
CT04246,C04246
CT04247,C04247
CT04248,C04248
CT04249,C04249
CT04250,C04250
CT04251,C04251
CT04252,C04252
CT04253,C04253
CT04254,C04254
CT04255,C04255
CT04256,C04256
CT04257,C04257
CT04258,C04258
CT04259,C04259
CT04260,C04260
CT04261,C04261
CT04262,C04262
CT04263,C04263
CT04264,C04264
CT04265,C04265
CT04266,C04266
CT04267,C04267
CT04268,C04268
CT04269,C04269
CT04270,C04270
CT04271,C04271
CT04272,C04272
CT04273,C04273
CT04274,C04274
CT04275,C04275
CT04276,C04276
CT04277,C04277
CT04278,C04278
CT04279,C04279
CT04280,C04280
CT04281,C04281
CT04282,C04282
CT04283,C04283
CT04284,C04284
CT04285,C04285
CT04286,C04286
CT04287,C04287
CT04288,C04288
CT04289,C04289
CT04290,C04290
CT04291,C04291
CT04292,C04292
CT04293,C04293
CT04294,C04294
CT04295,C04295
CT04296,C04296
CT04297,C04297
CT04298,C04298
CT04299,C04299
CT04300,C04300
CT04301,C04301
CT04302,C04302
CT04303,C04303
CT04304,C04304
CT04305,C04305
CT04306,C04306
CT04307,C04307
CT04308,C04308
CT04309,C04309
CT04310,C04310
CT04311,C04311
CT04312,C04312
CT04313,C04313
CT04314,C04314
CT04315,C04315
CT04316,C04316
CT04317,C04317
CT04318,C04318
CT04319,C04319
CT04320,C04320
CT04321,C04321
CT04322,C04322
CT04323,C04323
CT04324,C04324
CT04325,C04325
CT04326,C04326
CT04327,C04327
CT04328,C04328
CT04329,C04329
CT04330,C04330
CT04331,C04331
CT04332,C04332
CT04333,C04333
CT04334,C04334
CT04335,C04335
CT04336,C04336
CT04337,C04337
CT04338,C04338
CT04339,C04339
CT04340,C04340
CT04341,C04341
CT04342,C04342
CT04343,C04343
CT04344,C04344
CT04345,C04345
CT04346,C04346
CT04347,C04347
CT04348,C04348
CT04349,C04349
CT04350,C04350
CT04351,C04351
CT04352,C04352
CT04353,C04353
CT04354,C04354
CT04355,C04355
CT04356,C04356
CT04357,C04357
CT04358,C04358
CT04359,C04359
CT04360,C04360
CT04361,C04361
CT04362,C04362
CT04363,C04363
CT04364,C04364
CT04365,C04365
CT04366,C04366
CT04367,C04367
CT04368,C04368
CT04369,C04369
CT04370,C04370
CT04371,C04371
CT04372,C04372
CT04373,C04373
CT04374,C04374
CT04375,C04375
CT04376,C04376
CT04377,C04377
CT04378,C04378
CT04379,C04379
CT04380,C04380
CT04381,C04381
CT04382,C04382
CT04383,C04383
CT04384,C04384
CT04385,C04385
CT04386,C04386
CT04387,C04387
CT04388,C04388
CT04389,C04389
CT04390,C04390
CT04391,C04391
CT04392,C04392
CT04393,C04393
CT04394,C04394
CT04395,C04395
CT04396,C04396
CT04397,C04397
CT04398,C04398
CT04399,C04399
CT04400,C04400
CT04401,C04401
CT04402,C04402
CT04403,C04403
CT04404,C04404
CT04405,C04405
CT04406,C04406
CT04407,C04407
CT04408,C04408
CT04409,C04409
CT04410,C04410
CT04411,C04411
CT04412,C04412
CT04413,C04413
CT04414,C04414
CT04415,C04415
CT04416,C04416
CT04417,C04417
CT04418,C04418
CT04419,C04419
CT04420,C04420
CT04421,C04421
CT04422,C04422
CT04423,C04423
CT04424,C04424
CT04425,C04425
CT04426,C04426
CT04427,C04427
CT04428,C04428
CT04429,C04429
CT04430,C04430
CT04431,C04431
CT04432,C04432
CT04433,C04433
CT04434,C04434
CT04435,C04435
CT04436,C04436
CT04437,C04437
CT04438,C04438
CT04439,C04439
CT04440,C04440
CT04441,C04441
CT04442,C04442
CT04443,C04443
CT04444,C04444
CT04445,C04445
CT04446,C04446
CT04447,C04447
CT04448,C04448
CT04449,C04449
CT04450,C04450
CT04451,C04451
CT04452,C04452
CT04453,C04453
CT04454,C04454
CT04455,C04455
CT04456,C04456
CT04457,C04457
CT04458,C04458
CT04459,C04459
CT04460,C04460
CT04461,C04461
CT04462,C04462
CT04463,C04463
CT04464,C04464
CT04465,C04465
CT04466,C04466
CT04467,C04467
CT04468,C04468
CT04469,C04469
CT04470,C04470
CT04471,C04471
CT04472,C04472
CT04473,C04473
CT04474,C04474
CT04475,C04475
CT04476,C04476
CT04477,C04477
CT04478,C04478
CT04479,C04479
CT04480,C04480
CT04481,C04481
CT04482,C04482
CT04483,C04483
CT04484,C04484
CT04485,C04485
CT04486,C04486
CT04487,C04487
CT04488,C04488
CT04489,C04489
CT04490,C04490
CT04491,C04491
CT04492,C04492
CT04493,C04493
CT04494,C04494
CT04495,C04495
CT04496,C04496
CT04497,C04497
CT04498,C04498
CT04499,C04499
CT04500,C04500
CT04501,C04501
CT04502,C04502
CT04503,C04503
CT04504,C04504
CT04505,C04505
CT04506,C04506
CT04507,C04507
CT04508,C04508
CT04509,C04509
CT04510,C04510
CT04511,C04511
CT04512,C04512
CT04513,C04513
CT04514,C04514
CT04515,C04515
CT04516,C04516
CT04517,C04517
CT04518,C04518
CT04519,C04519
CT04520,C04520
CT04521,C04521
CT04522,C04522
CT04523,C04523
CT04524,C04524
CT04525,C04525
CT04526,C04526
CT04527,C04527
CT04528,C04528
CT04529,C04529
CT04530,C04530
CT04531,C04531
CT04532,C04532
CT04533,C04533
CT04534,C04534
CT04535,C04535
CT04536,C04536
CT04537,C04537
CT04538,C04538
CT04539,C04539
CT04540,C04540
CT04541,C04541
CT04542,C04542
CT04543,C04543
CT04544,C04544
CT04545,C04545
CT04546,C04546
CT04547,C04547
CT04548,C04548
CT04549,C04549
CT04550,C04550
CT04551,C04551
CT04552,C04552
CT04553,C04553
CT04554,C04554
CT04555,C04555
CT04556,C04556
CT04557,C04557
CT04558,C04558
CT04559,C04559
CT04560,C04560
CT04561,C04561
CT04562,C04562
CT04563,C04563
CT04564,C04564
CT04565,C04565
CT04566,C04566
CT04567,C04567
CT04568,C04568
CT04569,C04569
CT04570,C04570
CT04571,C04571
CT04572,C04572
CT04573,C04573
CT04574,C04574
CT04575,C04575
CT04576,C04576
CT04577,C04577
CT04578,C04578
CT04579,C04579
CT04580,C04580
CT04581,C04581
CT04582,C04582
CT04583,C04583
CT04584,C04584
CT04585,C04585
CT04586,C04586
CT04587,C04587
CT04588,C04588
CT04589,C04589
CT04590,C04590
CT04591,C04591
CT04592,C04592
CT04593,C04593
CT04594,C04594
CT04595,C04595
CT04596,C04596
CT04597,C04597
CT04598,C04598
CT04599,C04599
CT04600,C04600
CT04601,C04601
CT04602,C04602
CT04603,C04603
CT04604,C04604
CT04605,C04605
CT04606,C04606
CT04607,C04607
CT04608,C04608
CT04609,C04609
CT04610,C04610
CT04611,C04611
CT04612,C04612
CT04613,C04613
CT04614,C04614
CT04615,C04615
CT04616,C04616
CT04617,C04617
CT04618,C04618
CT04619,C04619
CT04620,C04620
CT04621,C04621
CT04622,C04622
CT04623,C04623
CT04624,C04624
CT04625,C04625
CT04626,C04626
CT04627,C04627
CT04628,C04628
CT04629,C04629
CT04630,C04630
CT04631,C04631
CT04632,C04632
CT04633,C04633
CT04634,C04634
CT04635,C04635
CT04636,C04636
CT04637,C04637
CT04638,C04638
CT04639,C04639
CT04640,C04640
CT04641,C04641
CT04642,C04642
CT04643,C04643
CT04644,C04644
CT04645,C04645
CT04646,C04646
CT04647,C04647
CT04648,C04648
CT04649,C04649
CT04650,C04650
CT04651,C04651
CT04652,C04652
CT04653,C04653
CT04654,C04654
CT04655,C04655
CT04656,C04656
CT04657,C04657
CT04658,C04658
CT04659,C04659
CT04660,C04660
CT04661,C04661
CT04662,C04662
CT04663,C04663
CT04664,C04664
CT04665,C04665
CT04666,C04666
CT04667,C04667
CT04668,C04668
CT04669,C04669
CT04670,C04670
CT04671,C04671
CT04672,C04672
CT04673,C04673
CT04674,C04674
CT04675,C04675
CT04676,C04676
CT04677,C04677
CT04678,C04678
CT04679,C04679
CT04680,C04680
CT04681,C04681
CT04682,C04682
CT04683,C04683
CT04684,C04684
CT04685,C04685
CT04686,C04686
CT04687,C04687
CT04688,C04688
CT04689,C04689
CT04690,C04690
CT04691,C04691
CT04692,C04692
CT04693,C04693
CT04694,C04694
CT04695,C04695
CT04696,C04696
CT04697,C04697
CT04698,C04698
CT04699,C04699
CT04700,C04700
CT04701,C04701
CT04702,C04702
CT04703,C04703
CT04704,C04704
CT04705,C04705
CT04706,C04706
CT04707,C04707
CT04708,C04708
CT04709,C04709
CT04710,C04710
CT04711,C04711
CT04712,C04712
CT04713,C04713
CT04714,C04714
CT04715,C04715
CT04716,C04716
CT04717,C04717
CT04718,C04718
CT04719,C04719
CT04720,C04720
CT04721,C04721
CT04722,C04722
CT04723,C04723
CT04724,C04724
CT04725,C04725
CT04726,C04726
CT04727,C04727
CT04728,C04728
CT04729,C04729
CT04730,C04730
CT04731,C04731
CT04732,C04732
CT04733,C04733
CT04734,C04734
CT04735,C04735
CT04736,C04736
CT04737,C04737
CT04738,C04738
CT04739,C04739
CT04740,C04740
CT04741,C04741
CT04742,C04742
CT04743,C04743
CT04744,C04744
CT04745,C04745
CT04746,C04746
CT04747,C04747
CT04748,C04748
CT04749,C04749
CT04750,C04750
CT04751,C04751
CT04752,C04752
CT04753,C04753
CT04754,C04754
CT04755,C04755
CT04756,C04756
CT04757,C04757
CT04758,C04758
CT04759,C04759
CT04760,C04760
CT04761,C04761
CT04762,C04762
CT04763,C04763
CT04764,C04764
CT04765,C04765
CT04766,C04766
CT04767,C04767
CT04768,C04768
CT04769,C04769
CT04770,C04770
CT04771,C04771
CT04772,C04772
CT04773,C04773
CT04774,C04774
CT04775,C04775
CT04776,C04776
CT04777,C04777
CT04778,C04778
CT04779,C04779
CT04780,C04780
CT04781,C04781
CT04782,C04782
CT04783,C04783
CT04784,C04784
CT04785,C04785
CT04786,C04786
CT04787,C04787
CT04788,C04788
CT04789,C04789
CT04790,C04790
CT04791,C04791
CT04792,C04792
CT04793,C04793
CT04794,C04794
CT04795,C04795
CT04796,C04796
CT04797,C04797
CT04798,C04798
CT04799,C04799
CT04800,C04800
CT04801,C04801
CT04802,C04802
CT04803,C04803
CT04804,C04804
CT04805,C04805
CT04806,C04806
CT04807,C04807
CT04808,C04808
CT04809,C04809
CT04810,C04810
CT04811,C04811
CT04812,C04812
CT04813,C04813
CT04814,C04814
CT04815,C04815
CT04816,C04816
CT04817,C04817
CT04818,C04818
CT04819,C04819
CT04820,C04820
CT04821,C04821
CT04822,C04822
CT04823,C04823
CT04824,C04824
CT04825,C04825
CT04826,C04826
CT04827,C04827
CT04828,C04828
CT04829,C04829
CT04830,C04830
CT04831,C04831
CT04832,C04832
CT04833,C04833
CT04834,C04834
CT04835,C04835
CT04836,C04836
CT04837,C04837
CT04838,C04838
CT04839,C04839
CT04840,C04840
CT04841,C04841
CT04842,C04842
CT04843,C04843
CT04844,C04844
CT04845,C04845
CT04846,C04846
CT04847,C04847
CT04848,C04848
CT04849,C04849
CT04850,C04850
CT04851,C04851
CT04852,C04852
CT04853,C04853
CT04854,C04854
CT04855,C04855
CT04856,C04856
CT04857,C04857
CT04858,C04858
CT04859,C04859
CT04860,C04860
CT04861,C04861
CT04862,C04862
CT04863,C04863
CT04864,C04864
CT04865,C04865
CT04866,C04866
CT04867,C04867
CT04868,C04868
CT04869,C04869
CT04870,C04870
CT04871,C04871
CT04872,C04872
CT04873,C04873
CT04874,C04874
CT04875,C04875
CT04876,C04876
CT04877,C04877
CT04878,C04878
CT04879,C04879
CT04880,C04880
CT04881,C04881
CT04882,C04882
CT04883,C04883
CT04884,C04884
CT04885,C04885
CT04886,C04886
CT04887,C04887
CT04888,C04888
CT04889,C04889
CT04890,C04890
CT04891,C04891
CT04892,C04892
CT04893,C04893
CT04894,C04894
CT04895,C04895
CT04896,C04896
CT04897,C04897
CT04898,C04898
CT04899,C04899
CT04900,C04900
CT04901,C04901
CT04902,C04902
CT04903,C04903
CT04904,C04904
CT04905,C04905
CT04906,C04906
CT04907,C04907
CT04908,C04908
CT04909,C04909
CT04910,C04910
CT04911,C04911
CT04912,C04912
CT04913,C04913
CT04914,C04914
CT04915,C04915
CT04916,C04916
CT04917,C04917
CT04918,C04918
CT04919,C04919
CT04920,C04920
CT04921,C04921
CT04922,C04922
CT04923,C04923
CT04924,C04924
CT04925,C04925
CT04926,C04926
CT04927,C04927
CT04928,C04928
CT04929,C04929
CT04930,C04930
CT04931,C04931
CT04932,C04932
CT04933,C04933
CT04934,C04934
CT04935,C04935
CT04936,C04936
CT04937,C04937
CT04938,C04938
CT04939,C04939
CT04940,C04940
CT04941,C04941
CT04942,C04942
CT04943,C04943
CT04944,C04944
CT04945,C04945
CT04946,C04946
CT04947,C04947
CT04948,C04948
CT04949,C04949
CT04950,C04950
CT04951,C04951
CT04952,C04952
CT04953,C04953
CT04954,C04954
CT04955,C04955
CT04956,C04956
CT04957,C04957
CT04958,C04958
CT04959,C04959
CT04960,C04960
CT04961,C04961
CT04962,C04962
CT04963,C04963
CT04964,C04964
CT04965,C04965
CT04966,C04966
CT04967,C04967
CT04968,C04968
CT04969,C04969
CT04970,C04970
CT04971,C04971
CT04972,C04972
CT04973,C04973
CT04974,C04974
CT04975,C04975
CT04976,C04976
CT04977,C04977
CT04978,C04978
CT04979,C04979
CT04980,C04980
CT04981,C04981
CT04982,C04982
CT04983,C04983
CT04984,C04984
CT04985,C04985
CT04986,C04986
CT04987,C04987
CT04988,C04988
CT04989,C04989
CT04990,C04990
CT04991,C04991
CT04992,C04992
CT04993,C04993
CT04994,C04994
CT04995,C04995
CT04996,C04996
CT04997,C04997
CT04998,C04998
CT04999,C04999
CT05000,C05000
CT05001,C05001
CT05002,C05002
CT05003,C05003
CT05004,C05004
CT05005,C05005
CT05006,C05006
CT05007,C05007
CT05008,C05008
CT05009,C05009
CT05010,C05010
CT05011,C05011
CT05012,C05012
CT05013,C05013
CT05014,C05014
CT05015,C05015
CT05016,C05016
CT05017,C05017
CT05018,C05018
CT05019,C05019
CT05020,C05020
CT05021,C05021
CT05022,C05022
CT05023,C05023
CT05024,C05024
CT05025,C05025
CT05026,C05026
CT05027,C05027
CT05028,C05028
CT05029,C05029
CT05030,C05030
CT05031,C05031
CT05032,C05032
CT05033,C05033
CT05034,C05034
CT05035,C05035
CT05036,C05036
CT05037,C05037
CT05038,C05038
CT05039,C05039
CT05040,C05040
CT05041,C05041
CT05042,C05042
CT05043,C05043
CT05044,C05044
CT05045,C05045
CT05046,C05046
CT05047,C05047
CT05048,C05048
CT05049,C05049
CT05050,C05050
CT05051,C05051
CT05052,C05052
CT05053,C05053
CT05054,C05054
CT05055,C05055
CT05056,C05056
CT05057,C05057
CT05058,C05058
CT05059,C05059
CT05060,C05060
CT05061,C05061
CT05062,C05062
CT05063,C05063
CT05064,C05064
CT05065,C05065
CT05066,C05066
CT05067,C05067
CT05068,C05068
CT05069,C05069
CT05070,C05070
CT05071,C05071
CT05072,C05072
CT05073,C05073
CT05074,C05074
CT05075,C05075
CT05076,C05076
CT05077,C05077
CT05078,C05078
CT05079,C05079
CT05080,C05080
CT05081,C05081
CT05082,C05082
CT05083,C05083
CT05084,C05084
CT05085,C05085
CT05086,C05086
CT05087,C05087
CT05088,C05088
CT05089,C05089
CT05090,C05090
CT05091,C05091
CT05092,C05092
CT05093,C05093
CT05094,C05094
CT05095,C05095
CT05096,C05096
CT05097,C05097
CT05098,C05098
CT05099,C05099
CT05100,C05100
CT05101,C05101
CT05102,C05102
CT05103,C05103
CT05104,C05104
CT05105,C05105
CT05106,C05106
CT05107,C05107
CT05108,C05108
CT05109,C05109
CT05110,C05110
CT05111,C05111
CT05112,C05112
CT05113,C05113
CT05114,C05114
CT05115,C05115
CT05116,C05116
CT05117,C05117
CT05118,C05118
CT05119,C05119
CT05120,C05120
CT05121,C05121
CT05122,C05122
CT05123,C05123
CT05124,C05124
CT05125,C05125
CT05126,C05126
CT05127,C05127
CT05128,C05128
CT05129,C05129
CT05130,C05130
CT05131,C05131
CT05132,C05132
CT05133,C05133
CT05134,C05134
CT05135,C05135
CT05136,C05136
CT05137,C05137
CT05138,C05138
CT05139,C05139
CT05140,C05140
CT05141,C05141
CT05142,C05142
CT05143,C05143
CT05144,C05144
CT05145,C05145
CT05146,C05146
CT05147,C05147
CT05148,C05148
CT05149,C05149
CT05150,C05150
CT05151,C05151
CT05152,C05152
CT05153,C05153
CT05154,C05154
CT05155,C05155
CT05156,C05156
CT05157,C05157
CT05158,C05158
CT05159,C05159
CT05160,C05160
CT05161,C05161
CT05162,C05162
CT05163,C05163
CT05164,C05164
CT05165,C05165
CT05166,C05166
CT05167,C05167
CT05168,C05168
CT05169,C05169
CT05170,C05170
CT05171,C05171
CT05172,C05172
CT05173,C05173
CT05174,C05174
CT05175,C05175
CT05176,C05176
CT05177,C05177
CT05178,C05178
CT05179,C05179
CT05180,C05180
CT05181,C05181
CT05182,C05182
CT05183,C05183
CT05184,C05184
CT05185,C05185
CT05186,C05186
CT05187,C05187
CT05188,C05188
CT05189,C05189
CT05190,C05190
CT05191,C05191
CT05192,C05192
CT05193,C05193
CT05194,C05194
CT05195,C05195
CT05196,C05196
CT05197,C05197
CT05198,C05198
CT05199,C05199
CT05200,C05200
CT05201,C05201
CT05202,C05202
CT05203,C05203
CT05204,C05204
CT05205,C05205
CT05206,C05206
CT05207,C05207
CT05208,C05208
CT05209,C05209
CT05210,C05210
CT05211,C05211
CT05212,C05212
CT05213,C05213
CT05214,C05214
CT05215,C05215
CT05216,C05216
CT05217,C05217
CT05218,C05218
CT05219,C05219
CT05220,C05220
CT05221,C05221
CT05222,C05222
CT05223,C05223
CT05224,C05224
CT05225,C05225
CT05226,C05226
CT05227,C05227
CT05228,C05228
CT05229,C05229
CT05230,C05230
CT05231,C05231
CT05232,C05232
CT05233,C05233
CT05234,C05234
CT05235,C05235
CT05236,C05236
CT05237,C05237
CT05238,C05238
CT05239,C05239
CT05240,C05240
CT05241,C05241
CT05242,C05242
CT05243,C05243
CT05244,C05244
CT05245,C05245
CT05246,C05246
CT05247,C05247
CT05248,C05248
CT05249,C05249
CT05250,C05250
CT05251,C05251
CT05252,C05252
CT05253,C05253
CT05254,C05254
CT05255,C05255
CT05256,C05256
CT05257,C05257
CT05258,C05258
CT05259,C05259
CT05260,C05260
CT05261,C05261
CT05262,C05262
CT05263,C05263
CT05264,C05264
CT05265,C05265
CT05266,C05266
CT05267,C05267
CT05268,C05268
CT05269,C05269
CT05270,C05270
CT05271,C05271
CT05272,C05272
CT05273,C05273
CT05274,C05274
CT05275,C05275
CT05276,C05276
CT05277,C05277
CT05278,C05278
CT05279,C05279
CT05280,C05280
CT05281,C05281
CT05282,C05282
CT05283,C05283
CT05284,C05284
CT05285,C05285
CT05286,C05286
CT05287,C05287
CT05288,C05288
CT05289,C05289
CT05290,C05290
CT05291,C05291
CT05292,C05292
CT05293,C05293
CT05294,C05294
CT05295,C05295
CT05296,C05296
CT05297,C05297
CT05298,C05298
CT05299,C05299
CT05300,C05300
CT05301,C05301
CT05302,C05302
CT05303,C05303
CT05304,C05304
CT05305,C05305
CT05306,C05306
CT05307,C05307
CT05308,C05308
CT05309,C05309
CT05310,C05310
CT05311,C05311
CT05312,C05312
CT05313,C05313
CT05314,C05314
CT05315,C05315
CT05316,C05316
CT05317,C05317
CT05318,C05318
CT05319,C05319
CT05320,C05320
CT05321,C05321
CT05322,C05322
CT05323,C05323
CT05324,C05324
CT05325,C05325
CT05326,C05326
CT05327,C05327
CT05328,C05328
CT05329,C05329
CT05330,C05330
CT05331,C05331
CT05332,C05332
CT05333,C05333
CT05334,C05334
CT05335,C05335
CT05336,C05336
CT05337,C05337
CT05338,C05338
CT05339,C05339
CT05340,C05340
CT05341,C05341
CT05342,C05342
CT05343,C05343
CT05344,C05344
CT05345,C05345
CT05346,C05346
CT05347,C05347
CT05348,C05348
CT05349,C05349
CT05350,C05350
CT05351,C05351
CT05352,C05352
CT05353,C05353
CT05354,C05354
CT05355,C05355
CT05356,C05356
CT05357,C05357
CT05358,C05358
CT05359,C05359
CT05360,C05360
CT05361,C05361
CT05362,C05362
CT05363,C05363
CT05364,C05364
CT05365,C05365
CT05366,C05366
CT05367,C05367
CT05368,C05368
CT05369,C05369
CT05370,C05370
CT05371,C05371
CT05372,C05372
CT05373,C05373
CT05374,C05374
CT05375,C05375
CT05376,C05376
CT05377,C05377
CT05378,C05378
CT05379,C05379
CT05380,C05380
CT05381,C05381
CT05382,C05382
CT05383,C05383
CT05384,C05384
CT05385,C05385
CT05386,C05386
CT05387,C05387
CT05388,C05388
CT05389,C05389
CT05390,C05390
CT05391,C05391
CT05392,C05392
CT05393,C05393
CT05394,C05394
CT05395,C05395
CT05396,C05396
CT05397,C05397
CT05398,C05398
CT05399,C05399
CT05400,C05400
CT05401,C05401
CT05402,C05402
CT05403,C05403
CT05404,C05404
CT05405,C05405
CT05406,C05406
CT05407,C05407
CT05408,C05408
CT05409,C05409
CT05410,C05410
CT05411,C05411
CT05412,C05412
CT05413,C05413
CT05414,C05414
CT05415,C05415
CT05416,C05416
CT05417,C05417
CT05418,C05418
CT05419,C05419
CT05420,C05420
CT05421,C05421
CT05422,C05422
CT05423,C05423
CT05424,C05424
CT05425,C05425
CT05426,C05426
CT05427,C05427
CT05428,C05428
CT05429,C05429
CT05430,C05430
CT05431,C05431
CT05432,C05432
CT05433,C05433
CT05434,C05434
CT05435,C05435
CT05436,C05436
CT05437,C05437
CT05438,C05438
CT05439,C05439
CT05440,C05440
CT05441,C05441
CT05442,C05442
CT05443,C05443
CT05444,C05444
CT05445,C05445
CT05446,C05446
CT05447,C05447
CT05448,C05448
CT05449,C05449
CT05450,C05450
CT05451,C05451
CT05452,C05452
CT05453,C05453
CT05454,C05454
CT05455,C05455
CT05456,C05456
CT05457,C05457
CT05458,C05458
CT05459,C05459
CT05460,C05460
CT05461,C05461
CT05462,C05462
CT05463,C05463
CT05464,C05464
CT05465,C05465
CT05466,C05466
CT05467,C05467
CT05468,C05468
CT05469,C05469
CT05470,C05470
CT05471,C05471
CT05472,C05472
CT05473,C05473
CT05474,C05474
CT05475,C05475
CT05476,C05476
CT05477,C05477
CT05478,C05478
CT05479,C05479
CT05480,C05480
CT05481,C05481
CT05482,C05482
CT05483,C05483
CT05484,C05484
CT05485,C05485
CT05486,C05486
CT05487,C05487
CT05488,C05488
CT05489,C05489
CT05490,C05490
CT05491,C05491
CT05492,C05492
CT05493,C05493
CT05494,C05494
CT05495,C05495
CT05496,C05496
CT05497,C05497
CT05498,C05498
CT05499,C05499
CT05500,C05500
CT05501,C05501
CT05502,C05502
CT05503,C05503
CT05504,C05504
CT05505,C05505
CT05506,C05506
CT05507,C05507
CT05508,C05508
CT05509,C05509
CT05510,C05510
CT05511,C05511
CT05512,C05512
CT05513,C05513
CT05514,C05514
CT05515,C05515
CT05516,C05516
CT05517,C05517
CT05518,C05518
CT05519,C05519
CT05520,C05520
CT05521,C05521
CT05522,C05522
CT05523,C05523
CT05524,C05524
CT05525,C05525
CT05526,C05526
CT05527,C05527
CT05528,C05528
CT05529,C05529
CT05530,C05530
CT05531,C05531
CT05532,C05532
CT05533,C05533
CT05534,C05534
CT05535,C05535
CT05536,C05536
CT05537,C05537
CT05538,C05538
CT05539,C05539
CT05540,C05540
CT05541,C05541
CT05542,C05542
CT05543,C05543
CT05544,C05544
CT05545,C05545
CT05546,C05546
CT05547,C05547
CT05548,C05548
CT05549,C05549
CT05550,C05550
CT05551,C05551
CT05552,C05552
CT05553,C05553
CT05554,C05554
CT05555,C05555
CT05556,C05556
CT05557,C05557
CT05558,C05558
CT05559,C05559
CT05560,C05560
CT05561,C05561
CT05562,C05562
CT05563,C05563
CT05564,C05564
CT05565,C05565
CT05566,C05566
CT05567,C05567
CT05568,C05568
CT05569,C05569
CT05570,C05570
CT05571,C05571
CT05572,C05572
CT05573,C05573
CT05574,C05574
CT05575,C05575
CT05576,C05576
CT05577,C05577
CT05578,C05578
CT05579,C05579
CT05580,C05580
CT05581,C05581
CT05582,C05582
CT05583,C05583
CT05584,C05584
CT05585,C05585
CT05586,C05586
CT05587,C05587
CT05588,C05588
CT05589,C05589
CT05590,C05590
CT05591,C05591
CT05592,C05592
CT05593,C05593
CT05594,C05594
CT05595,C05595
CT05596,C05596
CT05597,C05597
CT05598,C05598
CT05599,C05599
CT05600,C05600
CT05601,C05601
CT05602,C05602
CT05603,C05603
CT05604,C05604
CT05605,C05605
CT05606,C05606
CT05607,C05607
CT05608,C05608
CT05609,C05609
CT05610,C05610
CT05611,C05611
CT05612,C05612
CT05613,C05613
CT05614,C05614
CT05615,C05615
CT05616,C05616
CT05617,C05617
CT05618,C05618
CT05619,C05619
CT05620,C05620
CT05621,C05621
CT05622,C05622
CT05623,C05623
CT05624,C05624
CT05625,C05625
CT05626,C05626
CT05627,C05627
CT05628,C05628
CT05629,C05629
CT05630,C05630
CT05631,C05631
CT05632,C05632
CT05633,C05633
CT05634,C05634
CT05635,C05635
CT05636,C05636
CT05637,C05637
CT05638,C05638
CT05639,C05639
CT05640,C05640
CT05641,C05641
CT05642,C05642
CT05643,C05643
CT05644,C05644
CT05645,C05645
CT05646,C05646
CT05647,C05647
CT05648,C05648
CT05649,C05649
CT05650,C05650
CT05651,C05651
CT05652,C05652
CT05653,C05653
CT05654,C05654
CT05655,C05655
CT05656,C05656
CT05657,C05657
CT05658,C05658
CT05659,C05659
CT05660,C05660
CT05661,C05661
CT05662,C05662
CT05663,C05663
CT05664,C05664
CT05665,C05665
CT05666,C05666
CT05667,C05667
CT05668,C05668
CT05669,C05669
CT05670,C05670
CT05671,C05671
CT05672,C05672
CT05673,C05673
CT05674,C05674
CT05675,C05675
CT05676,C05676
CT05677,C05677
CT05678,C05678
CT05679,C05679
CT05680,C05680
CT05681,C05681
CT05682,C05682
CT05683,C05683
CT05684,C05684
CT05685,C05685
CT05686,C05686
CT05687,C05687
CT05688,C05688
CT05689,C05689
CT05690,C05690
CT05691,C05691
CT05692,C05692
CT05693,C05693
CT05694,C05694
CT05695,C05695
CT05696,C05696
CT05697,C05697
CT05698,C05698
CT05699,C05699
CT05700,C05700
CT05701,C05701
CT05702,C05702
CT05703,C05703
CT05704,C05704
CT05705,C05705
CT05706,C05706
CT05707,C05707
CT05708,C05708
CT05709,C05709
CT05710,C05710
CT05711,C05711
CT05712,C05712
CT05713,C05713
CT05714,C05714
CT05715,C05715
CT05716,C05716
CT05717,C05717
CT05718,C05718
CT05719,C05719
CT05720,C05720
CT05721,C05721
CT05722,C05722
CT05723,C05723
CT05724,C05724
CT05725,C05725
CT05726,C05726
CT05727,C05727
CT05728,C05728
CT05729,C05729
CT05730,C05730
CT05731,C05731
CT05732,C05732
CT05733,C05733
CT05734,C05734
CT05735,C05735
CT05736,C05736
CT05737,C05737
CT05738,C05738
CT05739,C05739
CT05740,C05740
CT05741,C05741
CT05742,C05742
CT05743,C05743
CT05744,C05744
CT05745,C05745
CT05746,C05746
CT05747,C05747
CT05748,C05748
CT05749,C05749
CT05750,C05750
CT05751,C05751
CT05752,C05752
CT05753,C05753
CT05754,C05754
CT05755,C05755
CT05756,C05756
CT05757,C05757
CT05758,C05758
CT05759,C05759
CT05760,C05760
CT05761,C05761
CT05762,C05762
CT05763,C05763
CT05764,C05764
CT05765,C05765
CT05766,C05766
CT05767,C05767
CT05768,C05768
CT05769,C05769
CT05770,C05770
CT05771,C05771
CT05772,C05772
CT05773,C05773
CT05774,C05774
CT05775,C05775
CT05776,C05776
CT05777,C05777
CT05778,C05778
CT05779,C05779
CT05780,C05780
CT05781,C05781
CT05782,C05782
CT05783,C05783
CT05784,C05784
CT05785,C05785
CT05786,C05786
CT05787,C05787
CT05788,C05788
CT05789,C05789
CT05790,C05790
CT05791,C05791
CT05792,C05792
CT05793,C05793
CT05794,C05794
CT05795,C05795
CT05796,C05796
CT05797,C05797
CT05798,C05798
CT05799,C05799
CT05800,C05800
CT05801,C05801
CT05802,C05802
CT05803,C05803
CT05804,C05804
CT05805,C05805
CT05806,C05806
CT05807,C05807
CT05808,C05808
CT05809,C05809
CT05810,C05810
CT05811,C05811
CT05812,C05812
CT05813,C05813
CT05814,C05814
CT05815,C05815
CT05816,C05816
CT05817,C05817
CT05818,C05818
CT05819,C05819
CT05820,C05820
CT05821,C05821
CT05822,C05822
CT05823,C05823
CT05824,C05824
CT05825,C05825
CT05826,C05826
CT05827,C05827
CT05828,C05828
CT05829,C05829
CT05830,C05830
CT05831,C05831
CT05832,C05832
CT05833,C05833
CT05834,C05834
CT05835,C05835
CT05836,C05836
CT05837,C05837
CT05838,C05838
CT05839,C05839
CT05840,C05840
CT05841,C05841
CT05842,C05842
CT05843,C05843
CT05844,C05844
CT05845,C05845
CT05846,C05846
CT05847,C05847
CT05848,C05848
CT05849,C05849
CT05850,C05850
CT05851,C05851
CT05852,C05852
CT05853,C05853
CT05854,C05854
CT05855,C05855
CT05856,C05856
CT05857,C05857
CT05858,C05858
CT05859,C05859
CT05860,C05860
CT05861,C05861
CT05862,C05862
CT05863,C05863
CT05864,C05864
CT05865,C05865
CT05866,C05866
CT05867,C05867
CT05868,C05868
CT05869,C05869
CT05870,C05870
CT05871,C05871
CT05872,C05872
CT05873,C05873
CT05874,C05874
CT05875,C05875
CT05876,C05876
CT05877,C05877
CT05878,C05878
CT05879,C05879
CT05880,C05880
CT05881,C05881
CT05882,C05882
CT05883,C05883
CT05884,C05884
CT05885,C05885
CT05886,C05886
CT05887,C05887
CT05888,C05888
CT05889,C05889
CT05890,C05890
CT05891,C05891
CT05892,C05892
CT05893,C05893
CT05894,C05894
CT05895,C05895
CT05896,C05896
CT05897,C05897
CT05898,C05898
CT05899,C05899
CT05900,C05900
CT05901,C05901
CT05902,C05902
CT05903,C05903
CT05904,C05904
CT05905,C05905
CT05906,C05906
CT05907,C05907
CT05908,C05908
CT05909,C05909
CT05910,C05910
CT05911,C05911
CT05912,C05912
CT05913,C05913
CT05914,C05914
CT05915,C05915
CT05916,C05916
CT05917,C05917
CT05918,C05918
CT05919,C05919
CT05920,C05920
CT05921,C05921
CT05922,C05922
CT05923,C05923
CT05924,C05924
CT05925,C05925
CT05926,C05926
CT05927,C05927
CT05928,C05928
CT05929,C05929
CT05930,C05930
CT05931,C05931
CT05932,C05932
CT05933,C05933
CT05934,C05934
CT05935,C05935
CT05936,C05936
CT05937,C05937
CT05938,C05938
CT05939,C05939
CT05940,C05940
CT05941,C05941
CT05942,C05942
CT05943,C05943
CT05944,C05944
CT05945,C05945
CT05946,C05946
CT05947,C05947
CT05948,C05948
CT05949,C05949
CT05950,C05950
CT05951,C05951
CT05952,C05952
CT05953,C05953
CT05954,C05954
CT05955,C05955
CT05956,C05956
CT05957,C05957
CT05958,C05958
CT05959,C05959
CT05960,C05960
CT05961,C05961
CT05962,C05962
CT05963,C05963
CT05964,C05964
CT05965,C05965
CT05966,C05966
CT05967,C05967
CT05968,C05968
CT05969,C05969
CT05970,C05970
CT05971,C05971
CT05972,C05972
CT05973,C05973
CT05974,C05974
CT05975,C05975
CT05976,C05976
CT05977,C05977
CT05978,C05978
CT05979,C05979
CT05980,C05980
CT05981,C05981
CT05982,C05982
CT05983,C05983
CT05984,C05984
CT05985,C05985
CT05986,C05986
CT05987,C05987
CT05988,C05988
CT05989,C05989
CT05990,C05990
CT05991,C05991
CT05992,C05992
CT05993,C05993
CT05994,C05994
CT05995,C05995
CT05996,C05996
CT05997,C05997
CT05998,C05998
CT05999,C05999
CT06000,C06000
CT06001,C06001
CT06002,C06002
CT06003,C06003
CT06004,C06004
CT06005,C06005
CT06006,C06006
CT06007,C06007
CT06008,C06008
CT06009,C06009
CT06010,C06010
CT06011,C06011
CT06012,C06012
CT06013,C06013
CT06014,C06014
CT06015,C06015
CT06016,C06016
CT06017,C06017
CT06018,C06018
CT06019,C06019
CT06020,C06020
CT06021,C06021
CT06022,C06022
CT06023,C06023
CT06024,C06024
CT06025,C06025
CT06026,C06026
CT06027,C06027
CT06028,C06028
CT06029,C06029
CT06030,C06030
CT06031,C06031
CT06032,C06032
CT06033,C06033
CT06034,C06034
CT06035,C06035
CT06036,C06036
CT06037,C06037
CT06038,C06038
CT06039,C06039
CT06040,C06040
CT06041,C06041
CT06042,C06042
CT06043,C06043
CT06044,C06044
CT06045,C06045
CT06046,C06046
CT06047,C06047
CT06048,C06048
CT06049,C06049
CT06050,C06050
CT06051,C06051
CT06052,C06052
CT06053,C06053
CT06054,C06054
CT06055,C06055
CT06056,C06056
CT06057,C06057
CT06058,C06058
CT06059,C06059
CT06060,C06060
CT06061,C06061
CT06062,C06062
CT06063,C06063
CT06064,C06064
CT06065,C06065
CT06066,C06066
CT06067,C06067
CT06068,C06068
CT06069,C06069
CT06070,C06070
CT06071,C06071
CT06072,C06072
CT06073,C06073
CT06074,C06074
CT06075,C06075
CT06076,C06076
CT06077,C06077
CT06078,C06078
CT06079,C06079
CT06080,C06080
CT06081,C06081
CT06082,C06082
CT06083,C06083
CT06084,C06084
CT06085,C06085
CT06086,C06086
CT06087,C06087
CT06088,C06088
CT06089,C06089
CT06090,C06090
CT06091,C06091
CT06092,C06092
CT06093,C06093
CT06094,C06094
CT06095,C06095
CT06096,C06096
CT06097,C06097
CT06098,C06098
CT06099,C06099
CT06100,C06100
CT06101,C06101
CT06102,C06102
CT06103,C06103
CT06104,C06104
CT06105,C06105
CT06106,C06106
CT06107,C06107
CT06108,C06108
CT06109,C06109
CT06110,C06110
CT06111,C06111
CT06112,C06112
CT06113,C06113
CT06114,C06114
CT06115,C06115
CT06116,C06116
CT06117,C06117
CT06118,C06118
CT06119,C06119
CT06120,C06120
CT06121,C06121
CT06122,C06122
CT06123,C06123
CT06124,C06124
CT06125,C06125
CT06126,C06126
CT06127,C06127
CT06128,C06128
CT06129,C06129
CT06130,C06130
CT06131,C06131
CT06132,C06132
CT06133,C06133
CT06134,C06134
CT06135,C06135
CT06136,C06136
CT06137,C06137
CT06138,C06138
CT06139,C06139
CT06140,C06140
CT06141,C06141
CT06142,C06142
CT06143,C06143
CT06144,C06144
CT06145,C06145
CT06146,C06146
CT06147,C06147
CT06148,C06148
CT06149,C06149
CT06150,C06150
CT06151,C06151
CT06152,C06152
CT06153,C06153
CT06154,C06154
CT06155,C06155
CT06156,C06156
CT06157,C06157
CT06158,C06158
CT06159,C06159
CT06160,C06160
CT06161,C06161
CT06162,C06162
CT06163,C06163
CT06164,C06164
CT06165,C06165
CT06166,C06166
CT06167,C06167
CT06168,C06168
CT06169,C06169
CT06170,C06170
CT06171,C06171
CT06172,C06172
CT06173,C06173
CT06174,C06174
CT06175,C06175
CT06176,C06176
CT06177,C06177
CT06178,C06178
CT06179,C06179
CT06180,C06180
CT06181,C06181
CT06182,C06182
CT06183,C06183
CT06184,C06184
CT06185,C06185
CT06186,C06186
CT06187,C06187
CT06188,C06188
CT06189,C06189
CT06190,C06190
CT06191,C06191
CT06192,C06192
CT06193,C06193
CT06194,C06194
CT06195,C06195
CT06196,C06196
CT06197,C06197
CT06198,C06198
CT06199,C06199
CT06200,C06200
CT06201,C06201
CT06202,C06202
CT06203,C06203
CT06204,C06204
CT06205,C06205
CT06206,C06206
CT06207,C06207
CT06208,C06208
CT06209,C06209
CT06210,C06210
CT06211,C06211
CT06212,C06212
CT06213,C06213
CT06214,C06214
CT06215,C06215
CT06216,C06216
CT06217,C06217
CT06218,C06218
CT06219,C06219
CT06220,C06220
CT06221,C06221
CT06222,C06222
CT06223,C06223
CT06224,C06224
CT06225,C06225
CT06226,C06226
CT06227,C06227
CT06228,C06228
CT06229,C06229
CT06230,C06230
CT06231,C06231
CT06232,C06232
CT06233,C06233
CT06234,C06234
CT06235,C06235
CT06236,C06236
CT06237,C06237
CT06238,C06238
CT06239,C06239
CT06240,C06240
CT06241,C06241
CT06242,C06242
CT06243,C06243
CT06244,C06244
CT06245,C06245
CT06246,C06246
CT06247,C06247
CT06248,C06248
CT06249,C06249
CT06250,C06250
CT06251,C06251
CT06252,C06252
CT06253,C06253
CT06254,C06254
CT06255,C06255
CT06256,C06256
CT06257,C06257
CT06258,C06258
CT06259,C06259
CT06260,C06260
CT06261,C06261
CT06262,C06262
CT06263,C06263
CT06264,C06264
CT06265,C06265
CT06266,C06266
CT06267,C06267
CT06268,C06268
CT06269,C06269
CT06270,C06270
CT06271,C06271
CT06272,C06272
CT06273,C06273
CT06274,C06274
CT06275,C06275
CT06276,C06276
CT06277,C06277
CT06278,C06278
CT06279,C06279
CT06280,C06280
CT06281,C06281
CT06282,C06282
CT06283,C06283
CT06284,C06284
CT06285,C06285
CT06286,C06286
CT06287,C06287
CT06288,C06288
CT06289,C06289
CT06290,C06290
CT06291,C06291
CT06292,C06292
CT06293,C06293
CT06294,C06294
CT06295,C06295
CT06296,C06296
CT06297,C06297
CT06298,C06298
CT06299,C06299
CT06300,C06300
CT06301,C06301
CT06302,C06302
CT06303,C06303
CT06304,C06304
CT06305,C06305
CT06306,C06306
CT06307,C06307
CT06308,C06308
CT06309,C06309
CT06310,C06310
CT06311,C06311
CT06312,C06312
CT06313,C06313
CT06314,C06314
CT06315,C06315
CT06316,C06316
CT06317,C06317
CT06318,C06318
CT06319,C06319
CT06320,C06320
CT06321,C06321
CT06322,C06322
CT06323,C06323
CT06324,C06324
CT06325,C06325
CT06326,C06326
CT06327,C06327
CT06328,C06328
CT06329,C06329
CT06330,C06330
CT06331,C06331
CT06332,C06332
CT06333,C06333
CT06334,C06334
CT06335,C06335
CT06336,C06336
CT06337,C06337
CT06338,C06338
CT06339,C06339
CT06340,C06340
CT06341,C06341
CT06342,C06342
CT06343,C06343
CT06344,C06344
CT06345,C06345
CT06346,C06346
CT06347,C06347
CT06348,C06348
CT06349,C06349
CT06350,C06350
CT06351,C06351
CT06352,C06352
CT06353,C06353
CT06354,C06354
CT06355,C06355
CT06356,C06356
CT06357,C06357
CT06358,C06358
CT06359,C06359
CT06360,C06360
CT06361,C06361
CT06362,C06362
CT06363,C06363
CT06364,C06364
CT06365,C06365
CT06366,C06366
CT06367,C06367
CT06368,C06368
CT06369,C06369
CT06370,C06370
CT06371,C06371
CT06372,C06372
CT06373,C06373
CT06374,C06374
CT06375,C06375
CT06376,C06376
CT06377,C06377
CT06378,C06378
CT06379,C06379
CT06380,C06380
CT06381,C06381
CT06382,C06382
CT06383,C06383
CT06384,C06384
CT06385,C06385
CT06386,C06386
CT06387,C06387
CT06388,C06388
CT06389,C06389
CT06390,C06390
CT06391,C06391
CT06392,C06392
CT06393,C06393
CT06394,C06394
CT06395,C06395
CT06396,C06396
CT06397,C06397
CT06398,C06398
CT06399,C06399
CT06400,C06400
CT06401,C06401
CT06402,C06402
CT06403,C06403
CT06404,C06404
CT06405,C06405
CT06406,C06406
CT06407,C06407
CT06408,C06408
CT06409,C06409
CT06410,C06410
CT06411,C06411
CT06412,C06412
CT06413,C06413
CT06414,C06414
CT06415,C06415
CT06416,C06416
CT06417,C06417
CT06418,C06418
CT06419,C06419
CT06420,C06420
CT06421,C06421
CT06422,C06422
CT06423,C06423
CT06424,C06424
CT06425,C06425
CT06426,C06426
CT06427,C06427
CT06428,C06428
CT06429,C06429
CT06430,C06430
CT06431,C06431
CT06432,C06432
CT06433,C06433
CT06434,C06434
CT06435,C06435
CT06436,C06436
CT06437,C06437
CT06438,C06438
CT06439,C06439
CT06440,C06440
CT06441,C06441
CT06442,C06442
CT06443,C06443
CT06444,C06444
CT06445,C06445
CT06446,C06446
CT06447,C06447
CT06448,C06448
CT06449,C06449
CT06450,C06450
CT06451,C06451
CT06452,C06452
CT06453,C06453
CT06454,C06454
CT06455,C06455
CT06456,C06456
CT06457,C06457
CT06458,C06458
CT06459,C06459
CT06460,C06460
CT06461,C06461
CT06462,C06462
CT06463,C06463
CT06464,C06464
CT06465,C06465
CT06466,C06466
CT06467,C06467
CT06468,C06468
CT06469,C06469
CT06470,C06470
CT06471,C06471
CT06472,C06472
CT06473,C06473
CT06474,C06474
CT06475,C06475
CT06476,C06476
CT06477,C06477
CT06478,C06478
CT06479,C06479
CT06480,C06480
CT06481,C06481
CT06482,C06482
CT06483,C06483
CT06484,C06484
CT06485,C06485
CT06486,C06486
CT06487,C06487
CT06488,C06488
CT06489,C06489
CT06490,C06490
CT06491,C06491
CT06492,C06492
CT06493,C06493
CT06494,C06494
CT06495,C06495
CT06496,C06496
CT06497,C06497
CT06498,C06498
CT06499,C06499
CT06500,C06500
